controller,comfort_violation_hours,rmse,mae,energy_proxy,degree_minutes_outside_band,underheating_degree_minutes,overheating_degree_minutes,solver_optimal_steps,solver_optimal_inaccurate_steps,solver_fallbacks,n_scenarios,overall_vs_best_pct
hybrid_mpc,30.722222222222225,4.4205645808932905,3.9044248578984413,35.45407100374299,13128.222162655327,3747.121672962883,9381.100489692444,1152,0,0,6,0.7
pid,43.94444444444445,4.615397282248401,4.127054835893588,35.36741961179059,13762.321970752892,4256.361407150495,9505.960563602397,0,0,0,6,13.9
onoff,46.77777777777778,4.640626579356417,4.15328264756507,34.55555555555556,13815.816389075533,4418.465428416526,9397.350960659007,0,0,0,6,15.9
pure_mpc,49.44444444444445,4.528661012066312,4.0687302214925865,34.632443616929756,13415.948834476709,4053.0768861338706,9362.871948342838,1152,0,0,6,17.0
