controller,comfort_violation_hours,rmse,mae,energy_proxy,degree_minutes_outside_band,underheating_degree_minutes,overheating_degree_minutes,solver_optimal_steps,solver_optimal_inaccurate_steps,solver_fallbacks,n_scenarios,overall_vs_best_pct
hybrid_mpc,6.25,1.9716188914977,1.8599835477876765,13.928610078482771,2824.7631921610478,23.18633812394025,2801.5768540371078,1152,0,0,6,0.7
pid,11.138888888888888,2.10611854401767,1.9443370589061661,14.119443381868413,2908.9774212921525,104.88882114424844,2804.0886001479034,0,0,0,6,23.5
pure_mpc,13.916666666666666,2.1123653472760124,2.01227394787847,13.57254117111396,2866.4728469613724,68.23102738329412,2798.241819578078,1152,0,0,6,34.6
onoff,15.166666666666666,2.1865825678114956,2.037959014232141,13.527777777777779,2963.998757579557,164.26096184640954,2799.737795733148,0,0,0,6,40.8
