controller,comfort_violation_hours,rmse,mae,energy_proxy,degree_minutes_outside_band,underheating_degree_minutes,overheating_degree_minutes,solver_optimal_steps,solver_optimal_inaccurate_steps,solver_fallbacks,n_scenarios,overall_vs_best_pct
hybrid_mpc,31.88888888888889,4.0120697885499075,3.598671455435347,33.1014477481924,11981.236165235729,2974.040225940142,9007.195939295587,1152,0,0,6,0.7
pure_mpc,47.44444444444445,4.120929778277396,3.7538543547978542,32.24517736247996,12259.465995925215,3271.3801517144943,8988.085844210722,1152,0,0,6,14.0
onoff,46.5,4.235606202818649,3.8426443079654895,32.388888888888886,12668.801644658737,3565.06964374018,9103.732000918559,0,0,0,6,14.7
pid,50.166666666666664,4.259366111594806,3.8924680898669024,33.04170024369951,12791.688697343017,3574.822798462154,9216.865898880864,0,0,0,6,18.5
