controller,comfort_violation_hours,rmse,mae,energy_proxy,degree_minutes_outside_band,underheating_degree_minutes,overheating_degree_minutes,solver_optimal_steps,solver_optimal_inaccurate_steps,solver_fallbacks,n_scenarios,overall_vs_best_pct
hybrid_mpc,8.625,2.0111785930032684,1.8181247682448543,18.284724016769072,4214.217132613728,18.78898263966744,4195.42814997406,1152,0,0,6,0.4
pure_mpc,9.375,2.061184398308414,1.8834834278898753,18.18992945207966,4209.74167404548,21.652294046325185,4188.0893799991545,1152,0,0,6,4.0
pid,16.25,2.1157733333557056,1.8885325359134673,18.480423281260588,4299.252165115173,104.70103067186339,4194.55113444331,0,0,0,6,25.0
onoff,25.625,2.295828298680933,2.0468883594034843,18.0,4585.6468013475405,374.13405530121025,4211.51274604633,0,0,0,6,56.0
