controller,comfort_violation_hours,rmse,mae,energy_proxy,degree_minutes_outside_band,underheating_degree_minutes,overheating_degree_minutes,solver_optimal_steps,solver_optimal_inaccurate_steps,solver_fallbacks,n_scenarios,overall_vs_best_pct
hybrid_mpc,7.305555555555556,1.8602105562765334,1.721949376317178,15.35251899608919,2566.2450612562866,34.71824512020052,2531.526816136086,1152,0,0,6,0.7
pid,12.5,2.011029371279863,1.8195988434212123,15.586533894962704,2674.1007250767884,137.9236757980863,2536.1770492787023,0,0,0,6,22.3
pure_mpc,14.611111111111112,2.0243561841804065,1.900459027139856,15.036519208998095,2632.5387695661007,103.42756961753958,2529.111199948561,1152,0,0,6,30.0
onoff,16.805555555555557,2.0799780239255345,1.9189956967948207,14.944444444444443,2719.9399863972967,189.66507858407212,2530.2749078132247,0,0,0,6,38.3
