controller,comfort_violation_hours,rmse,mae,energy_proxy,degree_minutes_outside_band,underheating_degree_minutes,overheating_degree_minutes,solver_optimal_steps,solver_optimal_inaccurate_steps,solver_fallbacks,n_scenarios,overall_vs_best_pct
hybrid_mpc,6.472222222222222,1.9617429222226068,1.8438140842227353,14.079347073009544,2784.189627885787,30.559661953580832,2753.6299659322062,1152,0,0,6,0.7
pid,12.277777777777777,2.1012050334097157,1.9360044542770058,14.314897674324603,2876.3229863583833,115.35989136289463,2760.9630949954885,0,0,0,6,26.5
pure_mpc,14.472222222222223,2.100989956868182,1.99372948860862,13.762090181956447,2833.7472312296018,83.68725129255385,2750.0599799370484,1152,0,0,6,34.8
onoff,15.138888888888888,2.162711213044829,2.0176861576473644,13.722222222222221,2923.5326806710405,171.25581420645847,2752.2768664645823,0,0,0,6,38.4
