controller,comfort_violation_hours,rmse,mae,energy_proxy,degree_minutes_outside_band,underheating_degree_minutes,overheating_degree_minutes,solver_optimal_steps,solver_optimal_inaccurate_steps,solver_fallbacks,n_scenarios,overall_vs_best_pct
hybrid_mpc,7.416666666666667,1.8432433082351007,1.7136122105718767,15.454561903421698,2519.452268830143,35.454682700613795,2483.9975861295293,1152,0,0,6,0.6
pid,12.805555555555555,1.9833220047469957,1.8040399413557582,15.739877240740284,2624.9510260876223,135.78723988481275,2489.1637862028097,0,0,0,6,22.5
pure_mpc,14.888888888888888,2.0022669553563177,1.8840165942519471,15.194523818449094,2590.687257615475,109.293007480538,2481.394250134937,1152,0,0,6,30.0
onoff,16.777777777777775,2.0842671266516724,1.9141718674119865,15.083333333333334,2710.5973939891555,226.88363201330003,2483.7137619758555,0,0,0,6,37.7
