controller,comfort_violation_hours,rmse,mae,energy_proxy,degree_minutes_outside_band,underheating_degree_minutes,overheating_degree_minutes,solver_optimal_steps,solver_optimal_inaccurate_steps,solver_fallbacks,n_scenarios,overall_vs_best_pct
hybrid_mpc,31.166666666666668,4.2205125877063745,3.7723539289549604,35.01931412375786,12680.984670129134,3367.329120282045,9313.655549847088,1152,0,0,6,0.7
pid,43.94444444444445,4.41006316599275,3.995015486395019,34.62734218627731,13290.021868639824,3904.496760460375,9385.52510817945,0,0,0,6,13.3
pure_mpc,46.333333333333336,4.329868540649325,3.9474653991374704,34.01397670963235,12985.028081430231,3687.6890609832044,9297.339020447027,1152,0,0,6,14.0
onoff,45.388888888888886,4.419227399798182,4.007986365519386,34.11111111111111,13307.753109791418,3942.975220186754,9364.777889604664,0,0,0,6,14.2
