controller,comfort_violation_hours,rmse,mae,energy_proxy,degree_minutes_outside_band,underheating_degree_minutes,overheating_degree_minutes,solver_optimal_steps,solver_optimal_inaccurate_steps,solver_fallbacks,n_scenarios,overall_vs_best_pct
hybrid_mpc,9.208333333333334,2.1097816725949086,1.975959594489184,20.077616145460226,4626.268651657919,15.44577353641313,4610.822878121505,1152,0,0,6,0.5
pure_mpc,9.416666666666666,2.1558220733674127,2.0329979960447844,19.905294582525478,4620.39942583287,19.827137942346614,4600.5722878905235,1152,0,0,6,2.1
pid,15.125,2.1978744544145807,2.0215162585534174,20.30748372609693,4710.169275906993,104.43914454304445,4605.730131363948,0,0,0,6,18.4
onoff,27.083333333333332,2.4212181417595926,2.225034469448119,19.708333333333332,5051.046865738731,427.58601071243515,4623.460855026296,0,0,0,6,55.4
