controller,comfort_violation_hours,rmse,mae,energy_proxy,degree_minutes_outside_band,underheating_degree_minutes,overheating_degree_minutes,solver_optimal_steps,solver_optimal_inaccurate_steps,solver_fallbacks,n_scenarios,overall_vs_best_pct
hybrid_mpc,7.527777777777778,1.861531135879697,1.7203515351382397,15.456460114146834,2546.000919370888,43.0578163960117,2502.943102974876,1152,0,0,6,0.7
pid,12.916666666666666,2.011671473652802,1.820370341166278,15.68490754971947,2660.879313711361,152.23700480341887,2508.642308907942,0,0,0,6,22.4
pure_mpc,15.083333333333334,2.0223099412787575,1.893026473243131,15.139412409725002,2619.8432192038995,119.54268766083807,2500.3005315430614,1152,0,0,6,29.9
onoff,16.416666666666668,2.099183496594984,1.9235425189725464,15.055555555555555,2734.1617124347126,232.62829421073965,2501.5334182239726,0,0,0,6,35.7
