controller,comfort_violation_hours,rmse,mae,energy_proxy,degree_minutes_outside_band,underheating_degree_minutes,overheating_degree_minutes,solver_optimal_steps,solver_optimal_inaccurate_steps,solver_fallbacks,n_scenarios,overall_vs_best_pct
hybrid_mpc,7.388888888888889,1.8413800746353475,1.7056267729386618,15.540539745547086,2516.569795575927,38.52555085436244,2478.0442447215646,1152,0,0,6,0.6
pid,12.555555555555555,1.9862623774208477,1.7979027487425094,15.835825018161543,2624.258804738338,140.88348438280954,2483.3753203555284,0,0,0,6,21.9
pure_mpc,15.305555555555555,2.0079847382407583,1.8872227483565747,15.277450853942726,2591.894636614355,116.79856732274739,2475.0960692916074,1152,0,0,6,31.8
onoff,17.02777777777778,2.0804546874371748,1.9081287830111393,15.194444444444445,2696.670593795089,218.2841616295741,2478.386432165515,0,0,0,6,38.8
