controller,comfort_violation_hours,rmse,mae,energy_proxy,degree_minutes_outside_band,underheating_degree_minutes,overheating_degree_minutes,solver_optimal_steps,solver_optimal_inaccurate_steps,solver_fallbacks,n_scenarios,overall_vs_best_pct
hybrid_mpc,33.388888888888886,4.006621802863936,3.6052719593644476,33.4590905824355,12006.10956282983,2907.8334650726097,9098.27609775722,1152,0,0,6,1.0
pure_mpc,47.72222222222222,4.120830819996811,3.75270960018533,32.126605854948465,12259.459523604137,3295.277261054271,8964.182262549866,1152,0,0,6,12.5
onoff,46.05555555555555,4.234031778359671,3.835694256433024,32.166666666666664,12649.69427256565,3601.4669156188247,9048.227356946825,0,0,0,6,12.5
pid,50.22222222222222,4.26671436875391,3.896159233021191,33.001441232953475,12802.152767797685,3570.4614729196533,9231.691294878032,0,0,0,6,16.9
