controller,comfort_violation_hours,rmse,mae,energy_proxy,degree_minutes_outside_band,underheating_degree_minutes,overheating_degree_minutes,solver_optimal_steps,solver_optimal_inaccurate_steps,solver_fallbacks,n_scenarios,overall_vs_best_pct
hybrid_mpc,8.666666666666666,2.109426850182606,1.9755216304008378,19.97300635492554,4657.590611757712,14.465829171906117,4643.124782585806,1152,0,0,6,0.4
pure_mpc,9.541666666666666,2.164719157564208,2.040612495250605,19.822325078867305,4654.201198397618,17.902514314971445,4636.298684082647,1152,0,0,6,4.3
pid,15.666666666666666,2.210867222180005,2.0320622089209013,20.2106762271325,4749.1548276528965,107.43784682409398,4641.716980828803,0,0,0,6,22.9
onoff,26.208333333333332,2.434120108379424,2.2351216166166705,19.625,5084.650883871368,431.93919974269306,4652.711684128675,0,0,0,6,57.7
