controller,comfort_violation_hours,rmse,mae,energy_proxy,degree_minutes_outside_band,underheating_degree_minutes,overheating_degree_minutes,solver_optimal_steps,solver_optimal_inaccurate_steps,solver_fallbacks,n_scenarios,overall_vs_best_pct
hybrid_mpc,6.444444444444444,1.9483773127016348,1.8383713561764765,14.069059046977332,2782.2150507028514,28.247764602009187,2753.9672861008426,1152,0,0,6,0.6
pid,12.166666666666666,2.0829637242186787,1.930745794022048,14.273972789844438,2862.0090078374683,103.42132059279523,2758.587687244673,0,0,0,6,26.2
pure_mpc,14.305555555555557,2.0920923920823644,1.9928888980465391,13.74120714798913,2827.6539848746647,77.34075346280999,2750.313231411855,1152,0,0,6,34.5
onoff,15.305555555555557,2.1558856623031692,2.013580533762746,13.722222222222221,2918.09826123174,164.1394659698685,2753.958795261871,0,0,0,6,39.4
