controller,comfort_violation_hours,rmse,mae,energy_proxy,degree_minutes_outside_band,underheating_degree_minutes,overheating_degree_minutes,solver_optimal_steps,solver_optimal_inaccurate_steps,solver_fallbacks,n_scenarios,overall_vs_best_pct
hybrid_mpc,9.125,2.552433134740912,2.3696213800404435,19.156495051370758,5732.922926478281,21.906983873081902,5711.015942605199,1152,0,0,6,0.4
pure_mpc,10.0,2.6064803521692004,2.431449427701122,19.024642646569465,5739.920157527922,36.32861021213882,5703.591547315783,1152,0,0,6,3.8
pid,16.791666666666668,2.6787658956285,2.4455855687189847,19.288773687946996,5858.341207925121,147.0681698014231,5711.273038123698,0,0,0,6,23.6
onoff,26.166666666666668,2.8697134594289846,2.624372152875212,18.833333333333332,6161.032497049649,432.623159552601,5728.409337497047,0,0,0,6,52.5
