controller,comfort_violation_hours,rmse,mae,energy_proxy,degree_minutes_outside_band,underheating_degree_minutes,overheating_degree_minutes,solver_optimal_steps,solver_optimal_inaccurate_steps,solver_fallbacks,n_scenarios,overall_vs_best_pct
hybrid_mpc,8.055555555555555,2.0464162938704398,1.909725216603481,15.28674852954437,2897.5920804659436,125.56273338726403,2772.0293470786796,1152,0,0,6,0.5
pid,12.027777777777777,2.1787578500925444,2.002705140864471,15.564946783757819,3000.869870657356,227.3625432503494,2773.507327407007,0,0,0,6,16.2
pure_mpc,15.027777777777777,2.1964759751415466,2.085377663297921,14.990551931558166,2965.815320477646,197.09789372378154,2768.7174267538644,1152,0,0,6,25.8
onoff,16.36111111111111,2.2436249402972677,2.092827365481666,14.972222222222221,3040.08806753857,270.2448579168948,2769.843209621675,0,0,0,6,30.6
