controller,comfort_violation_hours,rmse,mae,energy_proxy,degree_minutes_outside_band,underheating_degree_minutes,overheating_degree_minutes,solver_optimal_steps,solver_optimal_inaccurate_steps,solver_fallbacks,n_scenarios,overall_vs_best_pct
hybrid_mpc,31.055555555555557,4.394700558802827,3.8970377766478372,35.66622214573318,13089.438274083033,3709.570485361905,9379.867788721129,1152,0,0,6,0.8
pid,43.94444444444445,4.615397282248401,4.127054835893588,35.36741961179059,13762.321970752892,4256.361407150495,9505.960563602397,0,0,0,6,13.7
onoff,46.77777777777778,4.640626579356417,4.15328264756507,34.55555555555556,13815.816389075533,4418.465428416526,9397.350960659007,0,0,0,6,15.7
pure_mpc,49.611111111111114,4.518658039008839,4.067415091735998,34.57535586911168,13410.94081698307,4075.994038218374,9334.946778764695,1152,0,0,6,16.7
