controller,comfort_violation_hours,rmse,mae,energy_proxy,degree_minutes_outside_band,underheating_degree_minutes,overheating_degree_minutes,solver_optimal_steps,solver_optimal_inaccurate_steps,solver_fallbacks,n_scenarios,overall_vs_best_pct
hybrid_mpc,9.041666666666666,2.556445696302791,2.3747942230446486,19.01630906193915,5778.888590648036,20.392317384241256,5758.496273263795,1152,0,0,6,0.4
pure_mpc,9.958333333333334,2.6161729135031853,2.443090943980089,18.876879116471855,5783.679061649706,33.285414024478776,5750.393647625227,1152,0,0,6,4.1
pid,17.375,2.690435934770805,2.459872285398289,19.13310900375878,5903.597702338188,143.40499791470853,5760.19270442348,0,0,0,6,25.8
onoff,26.416666666666668,2.8882664280622805,2.6444912567875374,18.708333333333332,6214.590916703123,432.3589187656117,5782.231997937511,0,0,0,6,54.1
