controller,comfort_violation_hours,rmse,mae,energy_proxy,degree_minutes_outside_band,underheating_degree_minutes,overheating_degree_minutes,solver_optimal_steps,solver_optimal_inaccurate_steps,solver_fallbacks,n_scenarios,overall_vs_best_pct
hybrid_mpc,30.944444444444443,4.223380670374961,3.782914769626675,34.999305332731225,12685.974354057022,3412.461604791091,9273.512749265932,1152,0,0,6,0.6
pid,43.888888888888886,4.4016081359348656,3.991336036648496,34.780096841460924,13274.15918179432,3926.6295494990754,9347.529632295245,0,0,0,6,13.4
onoff,45.888888888888886,4.412026864785806,4.0079041669490065,34.22222222222222,13307.060637560722,3994.1528409842813,9312.907796576439,0,0,0,6,14.7
pure_mpc,47.166666666666664,4.3246083996389695,3.9473659291333285,34.13737488087025,12981.027178935197,3721.0796724994993,9259.947506435698,1152,0,0,6,14.8
