controller,comfort_violation_hours,rmse,mae,energy_proxy,degree_minutes_outside_band,underheating_degree_minutes,overheating_degree_minutes,solver_optimal_steps,solver_optimal_inaccurate_steps,solver_fallbacks,n_scenarios,overall_vs_best_pct
hybrid_mpc,30.61111111111111,3.911276112924275,3.372798549692277,34.51110505041812,11159.868273922451,2569.9915475378884,8589.876726384562,1152,0,0,6,0.8
onoff,45.05555555555555,4.133138934980951,3.6308013479770493,33.44444444444444,11914.405759882187,3316.1022914272967,8598.30346845489,0,0,0,6,15.1
pure_mpc,47.27777777777778,4.010654147660007,3.5401319758893828,33.545628376000366,11459.961388869755,2901.583402106071,8558.377986763684,1152,0,0,6,15.6
pid,45.77777777777778,4.0994541894090615,3.6008790462762086,34.25496212979534,11791.312088691819,3126.5264340491854,8664.785654642634,0,0,0,6,15.9
