controller,comfort_violation_hours,rmse,mae,energy_proxy,degree_minutes_outside_band,underheating_degree_minutes,overheating_degree_minutes,solver_optimal_steps,solver_optimal_inaccurate_steps,solver_fallbacks,n_scenarios,overall_vs_best_pct
hybrid_mpc,8.083333333333334,2.1518704410538905,2.0259506992614926,13.682849097419272,3092.627866755507,133.4352144464844,2959.1926523090224,1152,0,0,6,0.5
pid,12.444444444444443,2.259356537707706,2.098958550491349,13.930617160857759,3174.7541871737776,209.52663261844904,2965.227554555328,0,0,0,6,16.6
pure_mpc,13.5,2.275590449342707,2.1708949514142,13.423026192242922,3138.41204622134,182.15708576850304,2956.254960452837,1152,0,0,6,20.0
onoff,14.694444444444443,2.3067244341152957,2.1621167803666523,13.416666666666666,3194.2690190508833,236.06967376942157,2958.199345281462,0,0,0,6,23.9
