controller,comfort_violation_hours,rmse,mae,energy_proxy,degree_minutes_outside_band,underheating_degree_minutes,overheating_degree_minutes,solver_optimal_steps,solver_optimal_inaccurate_steps,solver_fallbacks,n_scenarios,overall_vs_best_pct
hybrid_mpc,8.833333333333334,2.0998295871617065,1.931633094895681,19.653062254607278,4557.99240120818,15.879392604137719,4542.113008604042,1152,0,0,6,0.4
pure_mpc,9.041666666666666,2.1579998823087245,2.0035590773462877,19.527790898012622,4553.044624096358,18.2698963954833,4534.774727700875,1152,0,0,6,2.5
pid,16.041666666666668,2.215310124395647,2.002190807707461,19.895434446829686,4658.183418762695,110.66427639866434,4547.519142364031,0,0,0,6,23.4
onoff,26.291666666666668,2.4256192143831066,2.197311165134874,19.333333333333332,4986.9712881236965,436.24376094844934,4550.727527175247,0,0,0,6,56.7
