controller,comfort_violation_hours,rmse,mae,energy_proxy,degree_minutes_outside_band,underheating_degree_minutes,overheating_degree_minutes,solver_optimal_steps,solver_optimal_inaccurate_steps,solver_fallbacks,n_scenarios,overall_vs_best_pct
hybrid_mpc,7.611111111111111,1.8567331486786172,1.716871300207672,15.481291176211606,2526.141093210326,42.285206189555055,2483.855887020771,1152,0,0,6,0.5
pid,12.833333333333334,2.007179039791912,1.81547948154849,15.767016550284865,2645.754076730702,155.68890776835343,2490.0651689623487,0,0,0,6,21.6
pure_mpc,15.027777777777779,2.011642473386568,1.885500429055316,15.216869836092028,2597.104497394715,115.69942685117879,2481.405070543536,1152,0,0,6,28.9
onoff,16.666666666666668,2.0767288497802063,1.9046001839310447,15.194444444444445,2691.3295091048662,208.43002012529908,2482.899488979567,0,0,0,6,35.4
