controller,comfort_violation_hours,rmse,mae,energy_proxy,degree_minutes_outside_band,underheating_degree_minutes,overheating_degree_minutes,solver_optimal_steps,solver_optimal_inaccurate_steps,solver_fallbacks,n_scenarios,overall_vs_best_pct
hybrid_mpc,8.875,2.093999899895896,1.9250681037167627,19.74455419134134,4523.188353597183,17.189513288538958,4505.998840308644,1152,0,0,6,0.4
pure_mpc,9.041666666666666,2.1482844822242693,1.992754136453357,19.611170494224776,4518.019343591869,19.453837054713183,4498.565506537157,1152,0,0,6,2.2
pid,15.791666666666666,2.2039058753061584,1.9913377959504166,19.98893253003268,4621.322415780221,108.44840717698658,4512.874008603234,0,0,0,6,22.4
onoff,26.708333333333332,2.419025859754419,2.1843209882721317,19.416666666666668,4957.146378610637,450.7511147228592,4506.395263887778,0,0,0,6,57.5
