controller,comfort_violation_hours,rmse,mae,energy_proxy,degree_minutes_outside_band,underheating_degree_minutes,overheating_degree_minutes,solver_optimal_steps,solver_optimal_inaccurate_steps,solver_fallbacks,n_scenarios,overall_vs_best_pct
hybrid_mpc,6.555555555555556,1.965271628829843,1.8457623203473854,13.980140554633861,2803.4134311378293,30.11068183629736,2773.302749301532,1152,0,0,6,0.6
pid,12.25,2.106291192726132,1.9420760266970056,14.228767869847232,2891.5941457699178,113.07100345696735,2778.523142312951,0,0,0,6,25.8
pure_mpc,14.333333333333334,2.112937115130189,2.0101381179947575,13.672236902321034,2850.7855870392436,81.29881047222926,2769.4867765670147,1152,0,0,6,33.8
onoff,15.027777777777777,2.1725316606826826,2.0215998523184795,13.666666666666666,2938.4854869379865,165.92116517885708,2772.564321759129,0,0,0,6,37.3
