controller,comfort_violation_hours,rmse,mae,energy_proxy,degree_minutes_outside_band,underheating_degree_minutes,overheating_degree_minutes,solver_optimal_steps,solver_optimal_inaccurate_steps,solver_fallbacks,n_scenarios,overall_vs_best_pct
hybrid_mpc,8.166666666666666,2.1745462476103263,2.0420122088458594,13.688142194387966,3120.5179374307627,142.04442340895153,2978.473514021811,1152,0,0,6,0.8
pid,12.694444444444445,2.291389863825802,2.1204174211417013,13.87166144112854,3216.1529221066417,231.63537531645986,2984.517546790182,0,0,0,6,17.3
pure_mpc,13.833333333333334,2.2939749976905044,2.1779660656348656,13.373892520418602,3170.149035403907,194.76721909408857,2975.3818163098185,1152,0,0,6,20.6
onoff,14.972222222222223,2.350122344967962,2.1999561213315526,13.277777777777779,3265.10892708442,287.17775434954723,2977.9311727348727,0,0,0,6,24.8
