controller,comfort_violation_hours,rmse,mae,energy_proxy,degree_minutes_outside_band,underheating_degree_minutes,overheating_degree_minutes,solver_optimal_steps,solver_optimal_inaccurate_steps,solver_fallbacks,n_scenarios,overall_vs_best_pct
hybrid_mpc,30.277777777777775,3.907337684181695,3.3724992222693433,34.5284327675329,11152.356194840117,2580.557477945616,8571.798716894498,1152,0,0,6,0.8
onoff,44.94444444444445,4.131392691271544,3.6155467923637743,33.5,11863.143926426566,3287.330431181019,8575.813495245548,0,0,0,6,15.3
pure_mpc,47.55555555555555,4.006944313824474,3.53920439704385,33.5764500479821,11458.665237740235,2914.1113547990103,8544.553882941223,1152,0,0,6,16.2
pid,45.833333333333336,4.095840011025058,3.5998993745429857,34.29236321471928,11785.42907859208,3134.8819029537935,8650.547175638285,0,0,0,6,16.3
