controller,comfort_violation_hours,rmse,mae,energy_proxy,degree_minutes_outside_band,underheating_degree_minutes,overheating_degree_minutes,solver_optimal_steps,solver_optimal_inaccurate_steps,solver_fallbacks,n_scenarios,overall_vs_best_pct
hybrid_mpc,7.9444444444444455,2.0441656778327872,1.9128811174308733,15.228237987290603,2907.0314213201605,105.8337108730935,2801.1977104470675,1152,0,0,6,0.7
pid,11.75,2.171243594027367,1.9955100556010752,15.465759289855823,3007.402269357312,206.42289904521283,2800.9793703120995,0,0,0,6,15.7
pure_mpc,14.888888888888891,2.190837216714922,2.085710872789218,14.898118172494117,2965.7797939567827,168.15594782995143,2797.6238461268313,1152,0,0,6,26.0
onoff,16.13888888888889,2.246086408320874,2.098562504817505,14.833333333333334,3050.831149604752,251.29807394617788,2799.533075658574,0,0,0,6,30.7
