controller,comfort_violation_hours,rmse,mae,energy_proxy,degree_minutes_outside_band,underheating_degree_minutes,overheating_degree_minutes,solver_optimal_steps,solver_optimal_inaccurate_steps,solver_fallbacks,n_scenarios,overall_vs_best_pct
hybrid_mpc,30.666666666666668,4.200079841432358,3.765562838857138,35.125923171695405,12643.819085143195,3382.8042701946906,9261.014814948505,1152,0,0,6,0.7
pid,44.388888888888886,4.388236273057394,3.9838670831141756,34.82707308021422,13243.283162848647,3907.2662842826135,9336.016878566035,0,0,0,6,14.2
pure_mpc,47.0,4.314477074287802,3.9430838069696637,34.168881804945606,12963.972053925107,3714.224427651239,9249.747626273867,1152,0,0,6,15.2
onoff,45.888888888888886,4.395229724464079,4.0005946426029535,34.27777777777778,13268.938379565932,3960.3268746126582,9308.611504953275,0,0,0,6,15.2
