controller,comfort_violation_hours,rmse,mae,energy_proxy,degree_minutes_outside_band,underheating_degree_minutes,overheating_degree_minutes,solver_optimal_steps,solver_optimal_inaccurate_steps,solver_fallbacks,n_scenarios,overall_vs_best_pct
hybrid_mpc,8.75,2.1091514594514114,1.9750804281516199,20.099046100705568,4611.413044440261,15.373728384767595,4596.039316055493,1152,0,0,6,0.4
pure_mpc,9.875,2.1578093826812736,2.0316284799912996,19.96947437838927,4610.408544709226,20.876247558719534,4589.532297150506,1152,0,0,6,4.7
pid,15.666666666666666,2.2003866495050737,2.0193093540571625,20.368464900696637,4704.533962676925,109.7666783343545,4594.767284342571,0,0,0,6,22.1
onoff,26.75,2.4169360201946875,2.214413232540065,19.791666666666668,5032.204191839589,423.51365861194654,4608.690533227643,0,0,0,6,58.1
