controller,comfort_violation_hours,rmse,mae,energy_proxy,degree_minutes_outside_band,underheating_degree_minutes,overheating_degree_minutes,solver_optimal_steps,solver_optimal_inaccurate_steps,solver_fallbacks,n_scenarios,overall_vs_best_pct
hybrid_mpc,31.222222222222225,3.8984850913839075,3.3641900742006747,34.593218150040194,11136.490724775244,2516.0582968614813,8620.432427913764,1152,0,0,6,0.9
onoff,44.77777777777778,4.126987563869054,3.6149843193158433,33.38888888888889,11853.382839840904,3239.45641043001,8613.926429410896,0,0,0,6,14.2
pure_mpc,47.77777777777778,4.0098476631630255,3.5376640628492275,33.42153056398107,11457.87538734797,2887.5681955924533,8570.307191755515,1152,0,0,6,15.3
pid,45.833333333333336,4.10741949614479,3.6071249684506204,34.15440159384705,11808.6204536682,3113.203106917486,8695.417346750715,0,0,0,6,15.4
