controller,comfort_violation_hours,rmse,mae,energy_proxy,degree_minutes_outside_band,underheating_degree_minutes,overheating_degree_minutes,solver_optimal_steps,solver_optimal_inaccurate_steps,solver_fallbacks,n_scenarios,overall_vs_best_pct
hybrid_mpc,8.791666666666666,2.0030922928700483,1.8120099672144132,18.227906913905716,4226.305700560918,18.866664447460035,4207.439036113457,1152,0,0,6,0.3
pure_mpc,9.083333333333334,2.0566268404734838,1.8813540648915552,18.123196215863263,4220.289146139427,19.95364656926318,4200.335499570164,1152,0,0,6,2.6
pid,16.458333333333332,2.1121888599751903,1.8903231273604122,18.420002059353948,4306.004279837292,98.03516783437753,4207.969112002915,0,0,0,6,24.8
onoff,25.958333333333332,2.291063486863511,2.0453783185716645,18.0,4585.591447155453,365.5504118934645,4220.041035261989,0,0,0,6,55.6
