controller,comfort_violation_hours,rmse,mae,energy_proxy,degree_minutes_outside_band,underheating_degree_minutes,overheating_degree_minutes,solver_optimal_steps,solver_optimal_inaccurate_steps,solver_fallbacks,n_scenarios,overall_vs_best_pct
hybrid_mpc,8.916666666666666,2.0994375651114026,1.9321810490338482,19.79030578328989,4512.548800010009,17.680702635656083,4494.868097374352,1152,0,0,6,0.3
pure_mpc,9.208333333333334,2.1484958558482012,1.9916129272904142,19.674021927950736,4507.450583540894,19.758016639405405,4487.692566901488,1152,0,0,6,2.3
pid,15.583333333333334,2.203772095623837,1.9895545559131138,20.05242628746047,4611.486807806245,111.66007854600646,4499.826729260239,0,0,0,6,21.3
onoff,26.875,2.4084092476174463,2.174170736041059,19.541666666666668,4932.021233889079,431.9163596811997,4500.104874207879,0,0,0,6,57.2
