controller,comfort_violation_hours,rmse,mae,energy_proxy,degree_minutes_outside_band,underheating_degree_minutes,overheating_degree_minutes,solver_optimal_steps,solver_optimal_inaccurate_steps,solver_fallbacks,n_scenarios,overall_vs_best_pct
hybrid_mpc,8.625,2.0026747768241586,1.8086427364485826,18.2813225825017,4217.631810419419,18.10739597624656,4199.524414443172,1152,0,0,6,0.4
pure_mpc,8.916666666666666,2.059776246212181,1.8824773497286955,18.15910758971242,4211.96068910106,20.248554812181727,4191.712134288879,1152,0,0,6,2.8
pid,16.416666666666668,2.1121889049008713,1.8853263662983817,18.455236940335347,4299.16797746827,101.28912172421154,4197.8788557440585,0,0,0,6,25.6
onoff,25.75,2.3061973956372825,2.0552456792259157,18.0,4595.546024364395,377.2656940956627,4218.2803302687325,0,0,0,6,56.8
