controller,comfort_violation_hours,rmse,mae,energy_proxy,degree_minutes_outside_band,underheating_degree_minutes,overheating_degree_minutes,solver_optimal_steps,solver_optimal_inaccurate_steps,solver_fallbacks,n_scenarios,overall_vs_best_pct
hybrid_mpc,30.111111111111114,4.399338184735478,3.8962504406867318,35.649383243978,13094.413052540847,3738.753103471836,9355.659949069011,1152,0,0,6,0.7
pid,44.166666666666664,4.604341058288489,4.12239188716696,35.45205244278998,13748.394358350713,4268.660455788305,9479.733902562408,0,0,0,6,14.8
onoff,46.166666666666664,4.633983878729887,4.14479968310702,34.72222222222222,13794.169009245697,4404.404432271537,9389.76457697416,0,0,0,6,16.3
pure_mpc,50.166666666666664,4.520977773435291,4.06784400831809,34.718611495476544,13412.735680485732,4068.395800822742,9344.33987966299,1152,0,0,6,18.4
