controller,comfort_violation_hours,rmse,mae,energy_proxy,degree_minutes_outside_band,underheating_degree_minutes,overheating_degree_minutes,solver_optimal_steps,solver_optimal_inaccurate_steps,solver_fallbacks,n_scenarios,overall_vs_best_pct
hybrid_mpc,30.277777777777782,3.8874728368213014,3.360731848038767,34.62590828229792,11114.877457189446,2554.7798607581967,8560.09759643125,1152,0,0,6,0.8
onoff,45.666666666666664,4.121636091991178,3.62430175807485,33.55555555555556,11873.56462652178,3290.0909684230937,8583.473658098686,0,0,0,6,16.2
pid,45.611111111111114,4.087404669395244,3.5962371438869085,34.30987619960017,11772.229804350727,3133.647180781741,8638.582623568986,0,0,0,6,16.3
pure_mpc,47.666666666666664,4.000651470556889,3.537973363969492,33.598145225570995,11450.42637474599,2914.229451757396,8536.196922988593,1152,0,0,6,16.4
