controller,comfort_violation_hours,rmse,mae,energy_proxy,degree_minutes_outside_band,underheating_degree_minutes,overheating_degree_minutes,solver_optimal_steps,solver_optimal_inaccurate_steps,solver_fallbacks,n_scenarios,overall_vs_best_pct
hybrid_mpc,33.333333333333336,3.991382651155933,3.5989743840314237,33.35102458892508,11970.98517472276,2927.529961398083,9043.45521332468,1152,0,0,6,0.9
pure_mpc,47.72222222222222,4.112406544293975,3.7508121610263774,32.16912482302792,12248.388604637568,3292.628112237764,8955.760492399804,1152,0,0,6,12.6
onoff,46.5,4.235606202818649,3.8426443079654895,32.388888888888886,12668.801644658737,3565.06964374018,9103.732000918559,0,0,0,6,13.3
pid,50.166666666666664,4.259366111594806,3.8924680898669024,33.04170024369951,12791.688697343017,3574.822798462154,9216.865898880864,0,0,0,6,17.0
