controller,comfort_violation_hours,rmse,mae,energy_proxy,degree_minutes_outside_band,underheating_degree_minutes,overheating_degree_minutes,solver_optimal_steps,solver_optimal_inaccurate_steps,solver_fallbacks,n_scenarios,overall_vs_best_pct
hybrid_mpc,9.0,2.551296733270027,2.369576154751059,19.104725488963716,5737.023593710994,21.656630163015738,5715.366963547978,1152,0,0,6,0.4
pure_mpc,9.958333333333334,2.6033752563398203,2.431365302438,18.997540156502584,5738.9998766435965,31.457987042844977,5707.541889600751,1152,0,0,6,4.0
pid,16.541666666666668,2.6728204394251427,2.4421962520625384,19.267383534958324,5855.1598121162815,139.6713721870652,5715.488439929216,0,0,0,6,23.5
onoff,26.916666666666668,2.8677900419857187,2.6252988023130563,18.833333333333332,6162.3367556967905,428.61019164641465,5733.7265640503765,0,0,0,6,55.6
