controller,comfort_violation_hours,rmse,mae,energy_proxy,degree_minutes_outside_band,underheating_degree_minutes,overheating_degree_minutes,solver_optimal_steps,solver_optimal_inaccurate_steps,solver_fallbacks,n_scenarios,overall_vs_best_pct
hybrid_mpc,31.722222222222225,4.385752306757852,3.9001141861670554,35.82466324768113,13090.174214541292,3715.096116575913,9375.078097965377,1152,0,0,6,0.8
pid,44.166666666666664,4.604341058288489,4.12239188716696,35.45205244278998,13748.394358350713,4268.660455788305,9479.733902562408,0,0,0,6,13.0
onoff,46.166666666666664,4.633983878729887,4.14479968310702,34.72222222222222,13794.169009245697,4404.404432271537,9389.76457697416,0,0,0,6,14.4
pure_mpc,50.166666666666664,4.51040140473413,4.065676045243872,34.66263433428543,13405.672158239191,4090.0492112255547,9315.622947013637,1152,0,0,6,16.3
