controller,comfort_violation_hours,rmse,mae,energy_proxy,degree_minutes_outside_band,underheating_degree_minutes,overheating_degree_minutes,solver_optimal_steps,solver_optimal_inaccurate_steps,solver_fallbacks,n_scenarios,overall_vs_best_pct
hybrid_mpc,8.666666666666666,2.1086453570947934,1.9744812735163968,20.08108794771081,4615.528964406573,15.113949263865345,4600.415015142708,1152,0,0,6,0.4
pure_mpc,9.541666666666666,2.157486609875518,2.0331834360677163,19.94023884634657,4612.493619923466,19.507771884017064,4592.98584803945,1152,0,0,6,4.0
pid,15.416666666666666,2.1969151412219974,2.0178938097769845,20.342978708205834,4705.31530374834,107.07453490542711,4598.240768842913,0,0,0,6,21.8
onoff,26.333333333333332,2.416826075496074,2.216333851148771,19.791666666666668,5037.048843052738,426.95575503639924,4610.09308801634,0,0,0,6,57.7
