controller,comfort_violation_hours,rmse,mae,energy_proxy,degree_minutes_outside_band,underheating_degree_minutes,overheating_degree_minutes,solver_optimal_steps,solver_optimal_inaccurate_steps,solver_fallbacks,n_scenarios,overall_vs_best_pct
hybrid_mpc,9.333333333333334,2.551629146376922,2.36801389089513,19.16798969602305,5732.898579861354,20.419573437370044,5712.479006423983,1152,0,0,6,0.4
pure_mpc,10.0,2.608569139872825,2.4345894596442417,19.039195378570287,5739.877179351934,36.32469713257684,5703.552482219356,1152,0,0,6,3.3
pid,16.791666666666668,2.6787658956285,2.4455855687189847,19.288773687946996,5858.341207925121,147.0681698014231,5711.273038123698,0,0,0,6,22.6
onoff,26.166666666666668,2.8697134594289846,2.624372152875212,18.833333333333332,6161.032497049649,432.623159552601,5728.409337497047,0,0,0,6,50.9
