controller,comfort_violation_hours,rmse,mae,energy_proxy,degree_minutes_outside_band,underheating_degree_minutes,overheating_degree_minutes,solver_optimal_steps,solver_optimal_inaccurate_steps,solver_fallbacks,n_scenarios,overall_vs_best_pct
hybrid_mpc,9.25,2.5474224050549497,2.365813518033194,19.182046753048265,5736.0563664119145,19.643179037911906,5716.413187374002,1152,0,0,6,0.5
pure_mpc,9.958333333333334,2.6049638399680637,2.433376961918854,19.010219814949703,5738.968650168401,31.467539846609498,5707.501110321792,1152,0,0,6,3.4
pid,16.541666666666668,2.6728204394251427,2.4421962520625384,19.267383534958324,5855.1598121162815,139.6713721870652,5715.488439929216,0,0,0,6,22.3
onoff,26.916666666666668,2.8677900419857187,2.6252988023130563,18.833333333333332,6162.3367556967905,428.61019164641465,5733.7265640503765,0,0,0,6,53.6
