controller,comfort_violation_hours,rmse,mae,energy_proxy,degree_minutes_outside_band,underheating_degree_minutes,overheating_degree_minutes,solver_optimal_steps,solver_optimal_inaccurate_steps,solver_fallbacks,n_scenarios,overall_vs_best_pct
hybrid_mpc,33.72222222222222,4.001854480873273,3.606293216148155,33.34832786940449,12002.15322752765,2877.8867070305787,9124.266520497073,1152,0,0,6,1.0
pure_mpc,46.77777777777777,4.123847126137776,3.7535819521354505,32.031057009078374,12270.349094238647,3274.7711245774676,8995.577969661179,1152,0,0,6,11.5
onoff,46.94444444444445,4.2464812991174385,3.84402173490645,32.166666666666664,12676.010866887913,3557.4106059176215,9118.600260970292,0,0,0,6,13.1
pid,50.27777777777778,4.276702374345318,3.9053679032984263,32.89929122689986,12834.078102312129,3564.747390865689,9269.330711446439,0,0,0,6,16.7
