controller,comfort_violation_hours,rmse,mae,energy_proxy,degree_minutes_outside_band,underheating_degree_minutes,overheating_degree_minutes,solver_optimal_steps,solver_optimal_inaccurate_steps,solver_fallbacks,n_scenarios,overall_vs_best_pct
hybrid_mpc,30.055555555555557,3.9086119593423962,3.3628781316855565,34.47635685260971,11153.004519506416,2541.451055984242,8611.553463522172,1152,0,0,6,0.8
onoff,44.77777777777778,4.126987563869054,3.6149843193158433,33.38888888888889,11853.382839840904,3239.45641043001,8613.926429410896,0,0,0,6,15.5
pure_mpc,47.611111111111114,4.013887919974942,3.539669832525067,33.445756226173955,11465.703854719924,2882.1960663090745,8583.50778841085,1152,0,0,6,16.6
pid,45.833333333333336,4.10741949614479,3.6071249684506204,34.15440159384705,11808.6204536682,3113.203106917486,8695.417346750715,0,0,0,6,16.8
