controller,comfort_violation_hours,rmse,mae,energy_proxy,degree_minutes_outside_band,underheating_degree_minutes,overheating_degree_minutes,solver_optimal_steps,solver_optimal_inaccurate_steps,solver_fallbacks,n_scenarios,overall_vs_best_pct
hybrid_mpc,8.708333333333334,2.108548393265616,1.9742958272740267,20.100359021885613,4611.676260086436,15.448817878679693,4596.227442207756,1152,0,0,6,0.4
pure_mpc,9.875,2.1573111901149926,2.0302078981400555,19.97246152958049,4610.373612403416,20.87979802655669,4589.493814376859,1152,0,0,6,4.9
pid,15.666666666666666,2.2003866495050737,2.0193093540571625,20.368464900696637,4704.533962676925,109.7666783343545,4594.767284342571,0,0,0,6,22.4
onoff,26.75,2.4169360201946875,2.214413232540065,19.791666666666668,5032.204191839589,423.51365861194654,4608.690533227643,0,0,0,6,58.5
