controller,comfort_violation_hours,rmse,mae,energy_proxy,degree_minutes_outside_band,underheating_degree_minutes,overheating_degree_minutes,solver_optimal_steps,solver_optimal_inaccurate_steps,solver_fallbacks,n_scenarios,overall_vs_best_pct
hybrid_mpc,8.833333333333334,2.1131661935815003,1.9804344885639722,20.015958313536007,4632.842905747922,15.745919049885657,4617.096986698037,1152,0,0,6,0.3
pure_mpc,9.458333333333334,2.1596160151918995,2.03512856852424,19.876351096945484,4630.0606305575175,19.324210947855054,4610.736419609661,1152,0,0,6,3.1
pid,15.208333333333334,2.2013486488017957,2.0252201334812043,20.27926066709278,4722.612845555585,106.28688805769895,4616.3259574978865,0,0,0,6,20.3
onoff,26.625,2.416278720339145,2.2200621252772,19.791666666666668,5037.978274579066,406.8114251191267,4631.16684945994,0,0,0,6,57.0
