controller,comfort_violation_hours,rmse,mae,energy_proxy,degree_minutes_outside_band,underheating_degree_minutes,overheating_degree_minutes,solver_optimal_steps,solver_optimal_inaccurate_steps,solver_fallbacks,n_scenarios,overall_vs_best_pct
hybrid_mpc,6.277777777777778,1.967280305312328,1.853103568990834,13.862026598489264,2825.053693327458,23.370604694665,2801.683088632793,1152,0,0,6,0.6
pid,11.138888888888888,2.10611854401767,1.9443370589061661,14.119443381868413,2908.9774212921525,104.88882114424844,2804.0886001479034,0,0,0,6,23.4
pure_mpc,13.916666666666666,2.116804591639324,2.0203655849683386,13.560327847928114,2866.5127646268525,68.23952215679775,2798.273242470055,1152,0,0,6,34.6
onoff,15.166666666666666,2.1865825678114956,2.037959014232141,13.527777777777779,2963.998757579557,164.26096184640954,2799.737795733148,0,0,0,6,40.7
