controller,comfort_violation_hours,rmse,mae,energy_proxy,degree_minutes_outside_band,underheating_degree_minutes,overheating_degree_minutes,solver_optimal_steps,solver_optimal_inaccurate_steps,solver_fallbacks,n_scenarios,overall_vs_best_pct
hybrid_mpc,8.958333333333334,2.100276652542592,1.9341095017879437,19.687025475070424,4532.804649989964,17.372856678085835,4515.431793311877,1152,0,0,6,0.3
pure_mpc,9.041666666666666,2.1513289015899004,1.9966472622979723,19.5835320231856,4528.16553665246,19.22532168349041,4508.94021496897,1152,0,0,6,1.9
pid,16.0,2.205846755175679,1.9943602614944773,19.962748056172703,4630.2744710092,108.11649598832066,4522.157975020879,0,0,0,6,22.4
onoff,26.125,2.419707042137867,2.190827751888595,19.416666666666668,4963.57156362734,439.2794748163257,4524.292088811014,0,0,0,6,55.0
