controller,comfort_violation_hours,rmse,mae,energy_proxy,degree_minutes_outside_band,underheating_degree_minutes,overheating_degree_minutes,solver_optimal_steps,solver_optimal_inaccurate_steps,solver_fallbacks,n_scenarios,overall_vs_best_pct
hybrid_mpc,8.25,2.1729984309108086,2.041453757596788,13.679845564634206,3110.970303696853,152.03981515255614,2958.9304885442966,1152,0,0,6,0.5
pid,12.888888888888891,2.2880962902490833,2.1173499349756884,13.948029311270021,3205.2117790497887,237.93498021416966,2967.276798835619,0,0,0,6,17.3
pure_mpc,13.833333333333334,2.2904446796375577,2.178193290350541,13.433040364316255,3155.7831861793734,199.8143762282596,2955.9688099511145,1152,0,0,6,20.0
onoff,15.083333333333334,2.340754621526793,2.1840916188267108,13.416666666666666,3235.2506227941553,275.81510417024805,2959.435518623907,0,0,0,6,24.4
