controller,comfort_violation_hours,rmse,mae,energy_proxy,degree_minutes_outside_band,underheating_degree_minutes,overheating_degree_minutes,solver_optimal_steps,solver_optimal_inaccurate_steps,solver_fallbacks,n_scenarios,overall_vs_best_pct
hybrid_mpc,9.125,2.5479630207906414,2.3657072966088957,19.1039882971664,5752.929726004528,19.963866937980992,5732.965859066546,1152,0,0,6,0.6
pure_mpc,9.791666666666666,2.6099393448773385,2.4391374564997115,18.94533380307376,5759.366849419953,34.280091202620994,5725.086758217331,1152,0,0,6,3.6
pid,16.791666666666668,2.6776121585876784,2.449180174516236,19.20163197424634,5872.762688965345,139.34841802760084,5733.414270937745,0,0,0,6,23.9
onoff,26.541666666666668,2.884442535442469,2.64272261233326,18.666666666666668,6213.466970045731,467.5838865073503,5745.883083538381,0,0,0,6,53.9
