controller,comfort_violation_hours,rmse,mae,energy_proxy,degree_minutes_outside_band,underheating_degree_minutes,overheating_degree_minutes,solver_optimal_steps,solver_optimal_inaccurate_steps,solver_fallbacks,n_scenarios,overall_vs_best_pct
hybrid_mpc,6.527777777777778,1.9706555174657323,1.8542385690752414,14.031628002600621,2803.393911340056,30.032669161222163,2773.3612421788334,1152,0,0,6,0.7
pid,12.25,2.106291192726132,1.9420760266970056,14.228767869847232,2891.5941457699178,113.07100345696735,2778.523142312951,0,0,0,6,25.8
pure_mpc,14.277777777777779,2.108720001316049,2.0017827636695786,13.686926636557947,2850.739249819066,81.28095408686647,2769.4582957321995,1152,0,0,6,33.5
onoff,15.027777777777777,2.1725316606826826,2.0215998523184795,13.666666666666666,2938.4854869379865,165.92116517885708,2772.564321759129,0,0,0,6,37.4
