controller,comfort_violation_hours,rmse,mae,energy_proxy,degree_minutes_outside_band,underheating_degree_minutes,overheating_degree_minutes,solver_optimal_steps,solver_optimal_inaccurate_steps,solver_fallbacks,n_scenarios,overall_vs_best_pct
hybrid_mpc,8.666666666666666,2.115547260538162,1.9828017981957695,19.970929808465907,4657.639161013872,14.820578952600902,4642.818582061272,1152,0,0,6,0.4
pure_mpc,9.541666666666666,2.164213078281312,2.0389673542950217,19.826025812754285,4654.169555325465,17.906986907211017,4636.262568418254,1152,0,0,6,4.1
pid,15.666666666666666,2.210867222180005,2.0320622089209013,20.2106762271325,4749.1548276528965,107.43784682409398,4641.716980828803,0,0,0,6,22.7
onoff,26.208333333333332,2.434120108379424,2.2351216166166705,19.625,5084.650883871368,431.93919974269306,4652.711684128675,0,0,0,6,57.5
