controller,comfort_violation_hours,rmse,mae,energy_proxy,degree_minutes_outside_band,underheating_degree_minutes,overheating_degree_minutes,solver_optimal_steps,solver_optimal_inaccurate_steps,solver_fallbacks,n_scenarios,overall_vs_best_pct
hybrid_mpc,8.625,2.0150825169096485,1.8240302664962529,18.12753012354489,4260.069259766373,18.06483256954176,4242.004427196831,1152,0,0,6,0.4
pure_mpc,9.25,2.0690973919781164,1.893593102495285,18.04374689270906,4255.416641046636,19.06350846698346,4236.353132579653,1152,0,0,6,3.7
pid,16.541666666666668,2.126947781381802,1.9023900007035621,18.324563717239375,4345.758888147905,101.7424234925262,4244.016464655379,0,0,0,6,26.0
onoff,26.0,2.325505103636674,2.0759338280984037,17.875,4650.984980006232,382.72748720346846,4268.257492802763,0,0,0,6,57.7
