controller,comfort_violation_hours,rmse,mae,energy_proxy,degree_minutes_outside_band,underheating_degree_minutes,overheating_degree_minutes,solver_optimal_steps,solver_optimal_inaccurate_steps,solver_fallbacks,n_scenarios,overall_vs_best_pct
hybrid_mpc,32.94444444444444,3.9996673159491896,3.5996408989418742,33.276446044934886,11985.248593483673,2927.5789353153173,9057.669658168357,1152,0,0,6,0.9
pure_mpc,47.55555555555555,4.117734294543129,3.754008190379461,32.09542283425046,12260.198776838852,3288.0137060489546,8972.185070789898,1152,0,0,6,12.9
onoff,46.77777777777778,4.239311335566212,3.841316859692085,32.333333333333336,12669.122523665908,3546.17177916849,9122.950744497417,0,0,0,6,13.9
pid,50.22222222222222,4.266060699136922,3.8955047622358623,32.967287034284105,12801.049011784598,3568.029666287732,9233.019345496867,0,0,0,6,17.5
