controller,comfort_violation_hours,rmse,mae,energy_proxy,degree_minutes_outside_band,underheating_degree_minutes,overheating_degree_minutes,solver_optimal_steps,solver_optimal_inaccurate_steps,solver_fallbacks,n_scenarios,overall_vs_best_pct
hybrid_mpc,31.722222222222218,4.0193985106090855,3.5969429029074753,33.09383355490898,11992.390498641134,2970.6674130881606,9021.723085552972,1152,0,0,6,0.7
pure_mpc,47.388888888888886,4.1297337055267835,3.7559136851238897,32.2028266348323,12271.413307192857,3274.485318141998,8996.927989050859,1152,0,0,6,14.2
onoff,46.05555555555555,4.234031778359671,3.835694256433024,32.166666666666664,12649.69427256565,3601.4669156188247,9048.227356946825,0,0,0,6,14.3
pid,50.22222222222222,4.26671436875391,3.896159233021191,33.001441232953475,12802.152767797685,3570.4614729196533,9231.691294878032,0,0,0,6,18.8
