controller,comfort_violation_hours,rmse,mae,energy_proxy,degree_minutes_outside_band,underheating_degree_minutes,overheating_degree_minutes,solver_optimal_steps,solver_optimal_inaccurate_steps,solver_fallbacks,n_scenarios,overall_vs_best_pct
hybrid_mpc,8.791666666666666,2.0872569789795343,1.915251883595654,19.76689525792545,4522.940658310137,16.88633508580227,4506.054323224334,1152,0,0,6,0.5
pure_mpc,9.041666666666666,2.150827106933471,1.9966070954550947,19.621323770371728,4518.00030913006,19.463005047478052,4498.537304082581,1152,0,0,6,2.8
pid,15.791666666666666,2.2039058753061584,1.9913377959504166,19.98893253003268,4621.322415780221,108.44840717698658,4512.874008603234,0,0,0,6,23.0
onoff,26.708333333333332,2.419025859754419,2.1843209882721317,19.416666666666668,4957.146378610637,450.7511147228592,4506.395263887778,0,0,0,6,58.4
