controller,comfort_violation_hours,rmse,mae,energy_proxy,degree_minutes_outside_band,underheating_degree_minutes,overheating_degree_minutes,solver_optimal_steps,solver_optimal_inaccurate_steps,solver_fallbacks,n_scenarios,overall_vs_best_pct
hybrid_mpc,32.0,4.010858392849422,3.587383719568836,33.127611000416664,11983.67240588052,2924.0442715538234,9059.628134326695,1152,0,0,6,0.8
pure_mpc,46.55555555555555,4.13335162802534,3.7574897688573627,32.10684423296859,12284.201151026367,3254.800722772625,9029.400428253743,1152,0,0,6,13.3
onoff,46.94444444444445,4.2464812991174385,3.84402173490645,32.166666666666664,12676.010866887913,3557.4106059176215,9118.600260970292,0,0,0,6,15.0
pid,50.27777777777778,4.276702374345318,3.9053679032984263,32.89929122689986,12834.078102312129,3564.747390865689,9269.330711446439,0,0,0,6,18.8
