controller,comfort_violation_hours,rmse,mae,energy_proxy,degree_minutes_outside_band,underheating_degree_minutes,overheating_degree_minutes,solver_optimal_steps,solver_optimal_inaccurate_steps,solver_fallbacks,n_scenarios,overall_vs_best_pct
hybrid_mpc,31.777777777777775,4.2132067171267185,3.781977357924603,35.181853882382164,12688.073578736687,3370.442948458442,9317.630630278245,1152,0,0,6,0.8
pid,43.77777777777778,4.40938931124849,3.997640483887114,34.686124703206325,13295.635803716936,3932.8382780190773,9362.797525697859,0,0,0,6,12.5
pure_mpc,46.77777777777778,4.3270622748203715,3.9478807921975743,34.052181239537525,12987.27664813068,3721.008560867251,9266.268087263428,1152,0,0,6,13.6
onoff,45.888888888888886,4.411450294208642,4.005962466022346,34.22222222222222,13292.8039137637,3958.2941821529826,9334.509731610719,0,0,0,6,13.9
