controller,comfort_violation_hours,rmse,mae,energy_proxy,degree_minutes_outside_band,underheating_degree_minutes,overheating_degree_minutes,solver_optimal_steps,solver_optimal_inaccurate_steps,solver_fallbacks,n_scenarios,overall_vs_best_pct
hybrid_mpc,8.666666666666666,2.0111671811462863,1.8178781294523374,18.12926234900878,4260.4883367800285,17.819954042322006,4242.668382737706,1152,0,0,6,0.4
pure_mpc,9.125,2.063643121554805,1.8857756587430163,18.027601443660114,4254.465068944756,19.055390806522315,4235.409678138234,1152,0,0,6,3.1
pid,16.541666666666668,2.126947781381802,1.9023900007035621,18.324563717239375,4345.758888147905,101.7424234925262,4244.016464655379,0,0,0,6,25.9
onoff,26.0,2.325505103636674,2.0759338280984037,17.875,4650.984980006232,382.72748720346846,4268.257492802763,0,0,0,6,57.5
