controller,comfort_violation_hours,rmse,mae,energy_proxy,degree_minutes_outside_band,underheating_degree_minutes,overheating_degree_minutes,solver_optimal_steps,solver_optimal_inaccurate_steps,solver_fallbacks,n_scenarios,overall_vs_best_pct
hybrid_mpc,31.61111111111111,4.203103363328733,3.7734088207383465,35.33167175422534,12671.498840422057,3347.479516736062,9324.019323685994,1152,0,0,6,0.9
pid,44.05555555555555,4.401322730668346,3.9925126509061664,34.70427826389349,13274.670717772759,3928.5463330969355,9346.124384675823,0,0,0,6,12.9
onoff,44.888888888888886,4.401157188087537,3.994788223567672,34.166666666666664,13259.939752836435,3967.780587206491,9292.159165629944,0,0,0,6,13.2
pure_mpc,46.77777777777778,4.319062000657756,3.9435111857186267,34.07888711995883,12971.332842001777,3720.188302812925,9251.144539188852,1152,0,0,6,13.8
