controller,comfort_violation_hours,rmse,mae,energy_proxy,degree_minutes_outside_band,underheating_degree_minutes,overheating_degree_minutes,solver_optimal_steps,solver_optimal_inaccurate_steps,solver_fallbacks,n_scenarios,overall_vs_best_pct
hybrid_mpc,8.277777777777779,2.1736430040333232,2.0428096543614127,13.723991731801261,3112.8539275334265,154.11295356591467,2958.7409739675118,1152,0,0,6,0.6
pid,12.888888888888891,2.2880962902490833,2.1173499349756884,13.948029311270021,3205.2117790497887,237.93498021416966,2967.276798835619,0,0,0,6,17.1
pure_mpc,13.861111111111112,2.2870948167985676,2.1708861456939554,13.444056744343905,3155.7556136047747,199.81465685841422,2955.9409567463604,1152,0,0,6,19.8
onoff,15.083333333333334,2.340754621526793,2.1840916188267108,13.416666666666666,3235.2506227941553,275.81510417024805,2959.435518623907,0,0,0,6,24.2
