controller,comfort_violation_hours,rmse,mae,energy_proxy,degree_minutes_outside_band,underheating_degree_minutes,overheating_degree_minutes,solver_optimal_steps,solver_optimal_inaccurate_steps,solver_fallbacks,n_scenarios,overall_vs_best_pct
hybrid_mpc,8.027777777777777,2.1474746119994585,2.021727468127406,13.722794449490443,3092.4398824698424,133.34759589675147,2959.0922865730904,1152,0,0,6,0.6
pid,12.444444444444443,2.259356537707706,2.098958550491349,13.930617160857759,3174.7541871737776,209.52663261844904,2965.227554555328,0,0,0,6,17.0
pure_mpc,13.5,2.272361028680304,2.164438033354644,13.431432452825847,3138.3869365161204,182.15475111865803,2956.232185397462,1152,0,0,6,20.3
onoff,14.694444444444443,2.3067244341152957,2.1621167803666523,13.416666666666666,3194.2690190508833,236.06967376942157,2958.199345281462,0,0,0,6,24.4
