controller,comfort_violation_hours,rmse,mae,energy_proxy,degree_minutes_outside_band,underheating_degree_minutes,overheating_degree_minutes,solver_optimal_steps,solver_optimal_inaccurate_steps,solver_fallbacks,n_scenarios,overall_vs_best_pct
hybrid_mpc,8.958333333333334,2.0941915777238735,1.925322963399811,19.729267308784536,4533.2849550026895,17.214834909232952,4516.070120093456,1152,0,0,6,0.4
pure_mpc,9.041666666666666,2.1540886063586773,2.0000915612000116,19.594431789516594,4528.124316690049,19.234769509991015,4508.889547180059,1152,0,0,6,2.1
pid,16.0,2.205846755175679,1.9943602614944773,19.962748056172703,4630.2744710092,108.11649598832066,4522.157975020879,0,0,0,6,22.6
onoff,26.125,2.419707042137867,2.190827751888595,19.416666666666668,4963.57156362734,439.2794748163257,4524.292088811014,0,0,0,6,55.2
