controller,comfort_violation_hours,rmse,mae,energy_proxy,degree_minutes_outside_band,underheating_degree_minutes,overheating_degree_minutes,solver_optimal_steps,solver_optimal_inaccurate_steps,solver_fallbacks,n_scenarios,overall_vs_best_pct
hybrid_mpc,31.944444444444446,4.393620365188481,3.8970769671574157,35.60060317412844,13087.94953584863,3677.9939133469447,9409.955622501684,1152,0,0,6,0.8
pid,44.111111111111114,4.622454207896529,4.131094277660294,35.26956215015576,13774.671547638507,4251.002458099718,9523.66908953879,0,0,0,6,12.9
onoff,46.0,4.644569942647385,4.140649437067837,34.44444444444444,13793.823148690566,4379.430296506553,9414.392852184015,0,0,0,6,14.0
pure_mpc,49.55555555555555,4.522923000556838,4.067291462692246,34.507906406978314,13414.230706262186,4057.904115613959,9356.326590648228,1152,0,0,6,15.7
