controller,comfort_violation_hours,rmse,mae,energy_proxy,degree_minutes_outside_band,underheating_degree_minutes,overheating_degree_minutes,solver_optimal_steps,solver_optimal_inaccurate_steps,solver_fallbacks,n_scenarios,overall_vs_best_pct
hybrid_mpc,7.333333333333333,1.8375890501685876,1.7069529271074488,15.486758040139044,2519.191168234557,35.267201799020775,2483.9239664355364,1152,0,0,6,0.7
pid,12.805555555555555,1.9833220047469957,1.8040399413557582,15.739877240740284,2624.9510260876223,135.78723988481275,2489.1637862028097,0,0,0,6,23.1
pure_mpc,14.888888888888888,2.000199409284885,1.8802930959387691,15.201366936803362,2590.659340799955,109.28581226794843,2481.3735285320063,1152,0,0,6,30.7
onoff,16.777777777777775,2.0842671266516724,1.9141718674119865,15.083333333333334,2710.5973939891555,226.88363201330003,2483.7137619758555,0,0,0,6,38.6
