controller,comfort_violation_hours,rmse,mae,energy_proxy,degree_minutes_outside_band,underheating_degree_minutes,overheating_degree_minutes,solver_optimal_steps,solver_optimal_inaccurate_steps,solver_fallbacks,n_scenarios,overall_vs_best_pct
hybrid_mpc,31.555555555555557,4.204478770505275,3.7722285496109103,35.14894985780606,12659.639794713077,3330.9138067135623,9328.725987999516,1152,0,0,6,0.8
pid,43.94444444444445,4.41006316599275,3.995015486395019,34.62734218627731,13290.021868639824,3904.496760460375,9385.52510817945,0,0,0,6,13.0
pure_mpc,46.388888888888886,4.325789659084552,3.944871735816904,34.00518744961671,12979.50796774672,3690.9812003443526,9288.526767402369,1152,0,0,6,13.6
onoff,45.388888888888886,4.419227399798182,4.007986365519386,34.11111111111111,13307.753109791418,3942.975220186754,9364.777889604664,0,0,0,6,13.9
