controller,comfort_violation_hours,rmse,mae,energy_proxy,degree_minutes_outside_band,underheating_degree_minutes,overheating_degree_minutes,solver_optimal_steps,solver_optimal_inaccurate_steps,solver_fallbacks,n_scenarios,overall_vs_best_pct
hybrid_mpc,30.5,4.412859237774117,3.9049784144864987,35.56291379686087,13116.432177390474,3752.396972262062,9364.035205128412,1152,0,0,6,0.6
pid,44.0,4.608557840808363,4.123465786215502,35.42645188328859,13751.579633903224,4266.896187285995,9484.683446617228,0,0,0,6,14.1
onoff,47.05555555555555,4.631144242621992,4.142750590394763,34.72222222222222,13780.685802831316,4361.815642414924,9418.870160416393,0,0,0,6,16.3
pure_mpc,49.5,4.5228794592997845,4.067805542666388,34.694167343308145,13411.922745001199,4064.6053482015323,9347.317396799668,1152,0,0,6,17.2
