controller,comfort_violation_hours,rmse,mae,energy_proxy,degree_minutes_outside_band,underheating_degree_minutes,overheating_degree_minutes,solver_optimal_steps,solver_optimal_inaccurate_steps,solver_fallbacks,n_scenarios,overall_vs_best_pct
hybrid_mpc,8.625,2.010239318614525,1.8178542135624782,18.27622507578421,4213.949811406557,18.6581265188205,4195.291684887737,1152,0,0,6,0.4
pure_mpc,9.375,2.0560665302787293,1.8754036795780744,18.174367585306086,4209.769013845327,21.645125512268653,4188.123888333059,1152,0,0,6,3.8
pid,16.25,2.1157733333557056,1.8885325359134673,18.480423281260588,4299.252165115173,104.70103067186339,4194.55113444331,0,0,0,6,25.1
onoff,25.625,2.295828298680933,2.0468883594034843,18.0,4585.6468013475405,374.13405530121025,4211.51274604633,0,0,0,6,56.0
