controller,comfort_violation_hours,rmse,mae,energy_proxy,degree_minutes_outside_band,underheating_degree_minutes,overheating_degree_minutes,solver_optimal_steps,solver_optimal_inaccurate_steps,solver_fallbacks,n_scenarios,overall_vs_best_pct
hybrid_mpc,8.833333333333334,2.1107819949977866,1.9775562057823681,20.063580109612836,4624.199558852514,15.802427814658182,4608.3971310378565,1152,0,0,6,0.5
pure_mpc,9.416666666666666,2.156228037942473,2.033904181003043,19.903434172630625,4620.425918240857,19.8173707736962,4600.608547467161,1152,0,0,6,3.1
pid,15.125,2.1978744544145807,2.0215162585534174,20.30748372609693,4710.169275906993,104.43914454304445,4605.730131363948,0,0,0,6,20.2
onoff,27.083333333333332,2.4212181417595926,2.225034469448119,19.708333333333332,5051.046865738731,427.58601071243515,4623.460855026296,0,0,0,6,58.5
