controller,comfort_violation_hours,rmse,mae,energy_proxy,degree_minutes_outside_band,underheating_degree_minutes,overheating_degree_minutes,solver_optimal_steps,solver_optimal_inaccurate_steps,solver_fallbacks,n_scenarios,overall_vs_best_pct
hybrid_mpc,8.527777777777779,2.0408252156694298,1.9093009295855248,15.3942115375974,2876.731775093809,129.49588334685112,2747.235891746958,1152,0,0,6,0.5
pid,12.0,2.1563547289112637,1.9847828199061792,15.70177276531149,2968.2466211019687,218.71583589004888,2749.53078521192,0,0,0,6,13.6
pure_mpc,15.194444444444443,2.177092535642982,2.073932397015499,15.140567994154926,2933.5240397861076,190.15375833414,2743.370281451968,1152,0,0,6,23.4
onoff,16.38888888888889,2.2284960130678293,2.081226594335924,15.111111111111109,3013.011852374491,266.7868833390392,2746.2249690354515,0,0,0,6,27.6
