controller,comfort_violation_hours,rmse,mae,energy_proxy,degree_minutes_outside_band,underheating_degree_minutes,overheating_degree_minutes,solver_optimal_steps,solver_optimal_inaccurate_steps,solver_fallbacks,n_scenarios,overall_vs_best_pct
hybrid_mpc,8.916666666666666,2.0971235565854576,1.9286192310205266,19.761578485488414,4515.280302089691,16.38513097894319,4498.895171110748,1152,0,0,6,0.4
pure_mpc,8.958333333333334,2.1472683943428508,1.991292106146189,19.643839552678354,4510.004121319442,18.566609857041936,4491.4375114624,1152,0,0,6,1.8
pid,15.583333333333334,2.200491900292195,1.9856542516450633,20.029572902316158,4613.608033916515,109.11147746721265,4504.496556449302,0,0,0,6,21.4
onoff,26.416666666666668,2.4098783975585802,2.1785232858310333,19.458333333333332,4936.193010902492,426.36439936957214,4509.82861153292,0,0,0,6,56.0
