controller,comfort_violation_hours,rmse,mae,energy_proxy,degree_minutes_outside_band,underheating_degree_minutes,overheating_degree_minutes,solver_optimal_steps,solver_optimal_inaccurate_steps,solver_fallbacks,n_scenarios,overall_vs_best_pct
hybrid_mpc,8.138888888888888,2.042406439830533,1.9061841110110642,15.340051596140624,2882.9596170023647,130.3187303370291,2752.640886665336,1152,0,0,6,0.5
pid,12.25,2.174194032319101,1.9964983705610984,15.639298542481173,2989.495040007853,234.30088779599396,2755.1941522118595,0,0,0,6,16.4
pure_mpc,15.222222222222223,2.187496057501727,2.0774988284107767,15.067870858624685,2948.447293974284,199.15894044194673,2749.2883535323367,1152,0,0,6,25.8
onoff,16.47222222222222,2.2508248375057867,2.0976424492000914,15.027777777777777,3043.623300783027,292.27431177924683,2751.3489890037804,0,0,0,6,30.7
