controller,comfort_violation_hours,rmse,mae,energy_proxy,degree_minutes_outside_band,underheating_degree_minutes,overheating_degree_minutes,solver_optimal_steps,solver_optimal_inaccurate_steps,solver_fallbacks,n_scenarios,overall_vs_best_pct
hybrid_mpc,6.444444444444444,1.9479125095958796,1.8349375062381699,14.159422665290888,2776.647907467761,28.50370338292043,2748.144204084841,1152,0,0,6,0.6
pid,11.611111111111109,2.0860024552544303,1.9252583103734782,14.373736385832345,2862.965426040442,108.13025214876563,2754.835173891676,0,0,0,6,24.1
pure_mpc,14.638888888888888,2.0939431206753865,1.992906831880689,13.82818651187313,2823.8583826735135,79.77348295636487,2744.084899717149,1152,0,0,6,35.9
onoff,15.305555555555555,2.14984283519398,2.006958445528071,13.805555555555555,2907.415175891438,161.3074726634915,2746.107703227947,0,0,0,6,39.3
