controller,comfort_violation_hours,rmse,mae,energy_proxy,degree_minutes_outside_band,underheating_degree_minutes,overheating_degree_minutes,solver_optimal_steps,solver_optimal_inaccurate_steps,solver_fallbacks,n_scenarios,overall_vs_best_pct
hybrid_mpc,33.72222222222222,3.986760261199697,3.5987118595485,33.46726494383982,11972.301041773384,2913.5639870201317,9058.737054753254,1152,0,0,6,1.0
pure_mpc,47.77777777777778,4.10626953862105,3.747678135016292,32.183973204824454,12233.066271773283,3292.5529765195733,8940.513295253711,1152,0,0,6,12.2
onoff,46.666666666666664,4.23376483509587,3.8420541536658988,32.388888888888886,12670.081914120645,3581.070222552849,9089.011691567795,0,0,0,6,13.0
pid,50.111111111111114,4.251992319319506,3.8884094938814724,33.05659677848311,12773.150196293556,3574.6738006765086,9198.476395617046,0,0,0,6,16.5
