controller,comfort_violation_hours,rmse,mae,energy_proxy,degree_minutes_outside_band,underheating_degree_minutes,overheating_degree_minutes,solver_optimal_steps,solver_optimal_inaccurate_steps,solver_fallbacks,n_scenarios,overall_vs_best_pct
hybrid_mpc,8.791666666666666,2.0164375634775036,1.8300423442193783,18.189205427711467,4226.788831055069,19.40547910220329,4207.383351952865,1152,0,0,6,0.3
pure_mpc,9.041666666666666,2.052368417517659,1.8747256045935206,18.1062936708176,4219.565236284023,19.94706877120901,4199.618167512814,1152,0,0,6,1.9
pid,16.458333333333332,2.1121888599751903,1.8903231273604122,18.420002059353948,4306.004279837292,98.03516783437753,4207.969112002915,0,0,0,6,24.4
onoff,25.958333333333332,2.291063486863511,2.0453783185716645,18.0,4585.591447155453,365.5504118934645,4220.041035261989,0,0,0,6,55.2
