controller,comfort_violation_hours,rmse,mae,energy_proxy,degree_minutes_outside_band,underheating_degree_minutes,overheating_degree_minutes,solver_optimal_steps,solver_optimal_inaccurate_steps,solver_fallbacks,n_scenarios,overall_vs_best_pct
hybrid_mpc,30.833333333333332,3.8993077329284467,3.3674367161936196,34.63155273597118,11133.322418172434,2542.3194612159364,8591.002956956498,1152,0,0,6,0.9
onoff,44.72222222222222,4.128274485930795,3.62612555973142,33.38888888888889,11885.582099626345,3299.865471148012,8585.716628478332,0,0,0,6,14.6
pure_mpc,47.44444444444445,4.010004534081628,3.540136987461574,33.486142732892674,11462.279765603818,2912.9183900552057,8549.361375548613,1152,0,0,6,15.5
pid,45.888888888888886,4.104489263377533,3.60551472245052,34.22534194718033,11802.480770830216,3132.793943011549,8669.686827818665,0,0,0,6,15.9
