controller,comfort_violation_hours,rmse,mae,energy_proxy,degree_minutes_outside_band,underheating_degree_minutes,overheating_degree_minutes,solver_optimal_steps,solver_optimal_inaccurate_steps,solver_fallbacks,n_scenarios,overall_vs_best_pct
hybrid_mpc,8.958333333333334,2.098345357571406,1.9275058611786242,19.790230959464605,4512.907547561149,17.71835026863376,4495.189197292514,1152,0,0,6,0.3
pure_mpc,9.25,2.1508258118666372,1.9950084065740397,19.684549490999597,4507.458685477625,19.76435870217487,4487.6943267754505,1152,0,0,6,2.5
pid,15.583333333333334,2.203772095623837,1.9895545559131138,20.05242628746047,4611.486807806245,111.66007854600646,4499.826729260239,0,0,0,6,21.2
onoff,26.875,2.4084092476174463,2.174170736041059,19.541666666666668,4932.021233889079,431.9163596811997,4500.104874207879,0,0,0,6,56.9
