controller,comfort_violation_hours,rmse,mae,energy_proxy,degree_minutes_outside_band,underheating_degree_minutes,overheating_degree_minutes,solver_optimal_steps,solver_optimal_inaccurate_steps,solver_fallbacks,n_scenarios,overall_vs_best_pct
hybrid_mpc,9.25,2.552378516771952,2.3661862830428393,19.140519549801663,5748.088028701281,18.633741736544447,5729.454286964737,1152,0,0,6,0.5
pure_mpc,9.833333333333334,2.6078817463613615,2.4355269728369913,18.970499169724818,5746.607740363627,31.846162056276558,5714.76157830735,1152,0,0,6,3.1
pid,16.541666666666668,2.675876075400035,2.44584499934095,19.231535746318176,5861.014610461399,137.8463342398516,5723.168276221546,0,0,0,6,22.4
onoff,26.208333333333332,2.8795446405708973,2.6318786569413866,18.75,6188.077885381289,452.1517400735103,5735.926145307779,0,0,0,6,51.8
