controller,comfort_violation_hours,rmse,mae,energy_proxy,degree_minutes_outside_band,underheating_degree_minutes,overheating_degree_minutes,solver_optimal_steps,solver_optimal_inaccurate_steps,solver_fallbacks,n_scenarios,overall_vs_best_pct
hybrid_mpc,8.666666666666666,2.01107373669755,1.8184429431959586,18.164333902077285,4234.964526274481,19.28081121413946,4215.683715060341,1152,0,0,6,0.3
pure_mpc,8.958333333333334,2.057712067570483,1.878431968249085,18.083328780692543,4229.59689816012,20.213695698099983,4209.38320246202,1152,0,0,6,2.4
pid,15.958333333333334,2.1166654477715765,1.8936120950188593,18.389640349306468,4315.555758339343,99.85960121072166,4215.696157128621,0,0,0,6,24.0
onoff,25.875,2.3012473465394656,2.0541381930520863,17.958333333333332,4601.571505037932,366.27748907195814,4235.294015965974,0,0,0,6,56.5
