controller,comfort_violation_hours,rmse,mae,energy_proxy,degree_minutes_outside_band,underheating_degree_minutes,overheating_degree_minutes,solver_optimal_steps,solver_optimal_inaccurate_steps,solver_fallbacks,n_scenarios,overall_vs_best_pct
hybrid_mpc,30.611111111111114,3.9161105938125558,3.3762616053920347,34.43219903020546,11167.19102131876,2580.835002254825,8586.356019063935,1152,0,0,6,0.8
onoff,44.72222222222222,4.128274485930795,3.62612555973142,33.38888888888889,11885.582099626345,3299.865471148012,8585.716628478332,0,0,0,6,14.7
pure_mpc,47.27777777777778,4.013267572413138,3.5418532945901915,33.50764123020135,11467.806590292465,2907.012564640792,8560.794025651672,1152,0,0,6,15.5
pid,45.888888888888886,4.104489263377533,3.60551472245052,34.22534194718033,11802.480770830216,3132.793943011549,8669.686827818665,0,0,0,6,16.0
