controller,comfort_violation_hours,rmse,mae,energy_proxy,degree_minutes_outside_band,underheating_degree_minutes,overheating_degree_minutes,solver_optimal_steps,solver_optimal_inaccurate_steps,solver_fallbacks,n_scenarios,overall_vs_best_pct
hybrid_mpc,8.083333333333334,2.036356631647332,1.9093448336289764,15.310352035006217,2875.090354949864,122.2154889123462,2752.874866037517,1152,0,0,6,0.5
pid,12.0,2.1509316871240176,1.9851458098318087,15.614205225978466,2965.626186628866,211.72733953173716,2753.8988470971285,0,0,0,6,15.5
pure_mpc,14.666666666666666,2.1756003698900046,2.071663639642773,15.05638082376562,2935.1771292622648,185.56557893714148,2749.6115503251235,1152,0,0,6,24.3
onoff,16.805555555555557,2.231682704365645,2.0844290490851756,15.0,3018.0948443716024,266.67021264937233,2751.42463172223,0,0,0,6,31.7
