controller,comfort_violation_hours,rmse,mae,energy_proxy,degree_minutes_outside_band,underheating_degree_minutes,overheating_degree_minutes,solver_optimal_steps,solver_optimal_inaccurate_steps,solver_fallbacks,n_scenarios,overall_vs_best_pct
hybrid_mpc,31.166666666666668,4.233395911610309,3.7896804401721327,34.884934653217584,12711.26185114185,3423.19443027214,9288.067420869711,1152,0,0,6,0.6
pid,43.77777777777778,4.40938931124849,3.997640483887114,34.686124703206325,13295.635803716936,3932.8382780190773,9362.797525697859,0,0,0,6,13.0
pure_mpc,46.77777777777778,4.330872122678796,3.950078391750722,34.06558912297374,12992.283296439045,3716.7317150807808,9275.551581358264,1152,0,0,6,14.2
onoff,45.888888888888886,4.411450294208642,4.005962466022346,34.22222222222222,13292.8039137637,3958.2941821529826,9334.509731610719,0,0,0,6,14.4
