controller,comfort_violation_hours,rmse,mae,energy_proxy,degree_minutes_outside_band,underheating_degree_minutes,overheating_degree_minutes,solver_optimal_steps,solver_optimal_inaccurate_steps,solver_fallbacks,n_scenarios,overall_vs_best_pct
hybrid_mpc,9.041666666666666,2.55431668302854,2.3754373169965715,19.04191415995466,5752.959831843629,20.786881154581245,5732.172950689049,1152,0,0,6,0.5
pure_mpc,9.791666666666666,2.6079682004185183,2.436503230285547,18.93148662609087,5759.398630987285,34.27101820277291,5725.127612784512,1152,0,0,6,3.6
pid,16.791666666666668,2.6776121585876784,2.449180174516236,19.20163197424634,5872.762688965345,139.34841802760084,5733.414270937745,0,0,0,6,24.1
onoff,26.541666666666668,2.884442535442469,2.64272261233326,18.666666666666668,6213.466970045731,467.5838865073503,5745.883083538381,0,0,0,6,54.4
