controller,comfort_violation_hours,rmse,mae,energy_proxy,degree_minutes_outside_band,underheating_degree_minutes,overheating_degree_minutes,solver_optimal_steps,solver_optimal_inaccurate_steps,solver_fallbacks,n_scenarios,overall_vs_best_pct
hybrid_mpc,31.5,4.187226186322849,3.765793526559443,35.3586717437183,12637.586716986965,3344.3851841095516,9293.201532877412,1152,0,0,6,0.9
pid,44.388888888888886,4.388236273057394,3.9838670831141756,34.82707308021422,13243.283162848647,3907.2662842826135,9336.016878566035,0,0,0,6,13.4
pure_mpc,47.05555555555555,4.310775253316721,3.940864685238072,34.160300362065364,12959.142086866137,3718.099973786588,9241.04211307955,1152,0,0,6,14.2
onoff,45.888888888888886,4.395229724464079,4.0005946426029535,34.27777777777778,13268.938379565932,3960.3268746126582,9308.611504953275,0,0,0,6,14.3
