{
  "split_strategy": "time_ordered",
  "train_samples": 6889,
  "val_samples": 1723,
  "seq_len": 12,
  "horizon": 18,
  "horizon_steps": 18,
  "hidden_size": 24,
  "epochs": 20,
  "feature_columns": [
    "y",
    "u",
    "T_out",
    "solar",
    "occupancy",
    "setpoint",
    "residual"
  ],
  "feat_mean": [
    18.695568474748754,
    0.5026633297229409,
    4.982113074514549,
    64.62638753523981,
    1.161440944500895,
    21.31782551894324,
    -0.12982851126062195
  ],
  "feat_std": [
    6.465913426380679,
    0.32211969553112746,
    6.9906909413417715,
    91.38434784385181,
    1.5815878885238404,
    0.7542756651960776,
    0.06481399132127914
  ],
  "target_mean": -0.12961488116074846,
  "target_std": 0.06462961751877189,
  "room_id": "small_office",
  "sampling_minutes": 10,
  "seed": 41,
  "config_hash": "e9953e04c93843ca54a28f7d47f586b29b84dc89c55de2aac70711f7c97519fe",
  "lstm_signature_hash": "bd7b727f9ab1e60a9c294bd54f1f714660badea30a08dfe48fca6266eeb48dcb",
  "training_signature": {
    "room_id": "small_office",
    "sampling_minutes": 10,
    "horizon_steps": 18,
    "feature_columns": [
      "y",
      "u",
      "T_out",
      "solar",
      "occupancy",
      "setpoint",
      "residual"
    ],
    "seq_len": 12,
    "hidden_size": 24,
    "epochs": 20,
    "seed": 41,
    "config_hash": "e9953e04c93843ca54a28f7d47f586b29b84dc89c55de2aac70711f7c97519fe"
  }
}