controller,comfort_violation_hours,rmse,mae,energy_proxy,degree_minutes_outside_band,underheating_degree_minutes,overheating_degree_minutes,solver_optimal_steps,solver_optimal_inaccurate_steps,solver_fallbacks,n_scenarios,overall_vs_best_pct
hybrid_mpc,7.9444444444444455,2.0456246405927683,1.9139949044032676,15.17912405984862,2906.9055290704805,105.62040919966302,2801.2851198708177,1152,0,0,6,0.6
pid,11.75,2.171243594027367,1.9955100556010752,15.465759289855823,3007.402269357312,206.42289904521283,2800.9793703120995,0,0,0,6,15.6
pure_mpc,14.888888888888891,2.1914086638558015,2.086465223291689,14.897180835916634,2965.8034923835653,168.1519609740986,2797.6515314094668,1152,0,0,6,26.0
onoff,16.13888888888889,2.246086408320874,2.098562504817505,14.833333333333334,3050.831149604752,251.29807394617788,2799.533075658574,0,0,0,6,30.6
