controller,comfort_violation_hours,rmse,mae,energy_proxy,degree_minutes_outside_band,underheating_degree_minutes,overheating_degree_minutes,solver_optimal_steps,solver_optimal_inaccurate_steps,solver_fallbacks,n_scenarios,overall_vs_best_pct
hybrid_mpc,7.388888888888889,1.8610219567650488,1.7238513151630865,15.308261881688582,2566.331480489302,34.72355356636755,2531.6079269229344,1152,0,0,6,0.6
pid,12.5,2.011029371279863,1.8195988434212123,15.586533894962704,2674.1007250767884,137.9236757980863,2536.1770492787023,0,0,0,6,21.8
pure_mpc,14.611111111111112,2.026954572120102,1.9050174210392676,15.02788911253917,2632.568511617403,103.43715654101486,2529.1313550763884,1152,0,0,6,29.4
onoff,16.805555555555557,2.0799780239255345,1.9189956967948207,14.944444444444443,2719.9399863972967,189.66507858407212,2530.2749078132247,0,0,0,6,37.6
