controller,comfort_violation_hours,rmse,mae,energy_proxy,degree_minutes_outside_band,underheating_degree_minutes,overheating_degree_minutes,solver_optimal_steps,solver_optimal_inaccurate_steps,solver_fallbacks,n_scenarios,overall_vs_best_pct
hybrid_mpc,8.138888888888888,2.150371636570363,2.0218206531882146,13.752593509776545,3090.1399645612714,136.50858944813373,2953.6313751131383,1152,0,0,6,0.6
pid,12.5,2.26303498835821,2.098432575656262,14.020519281921054,3176.49353655963,215.32832974168443,2961.165206817945,0,0,0,6,16.8
pure_mpc,13.722222222222221,2.2768187823601287,2.1722527321269,13.505321382595973,3135.8932442910195,185.87141407978098,2950.0218302112385,1152,0,0,6,20.6
onoff,15.055555555555555,2.3368947403656217,2.185734650056632,13.416666666666666,3230.7311927912674,278.78849802351834,2951.9426947677493,0,0,0,6,25.4
