controller,comfort_violation_hours,rmse,mae,energy_proxy,degree_minutes_outside_band,underheating_degree_minutes,overheating_degree_minutes,solver_optimal_steps,solver_optimal_inaccurate_steps,solver_fallbacks,n_scenarios,overall_vs_best_pct
hybrid_mpc,8.138888888888888,2.1508957891993337,2.0241968300563524,13.817156241236157,3089.6491168014322,136.08296585962967,2953.5661509418023,1152,0,0,6,0.7
pid,12.5,2.26303498835821,2.098432575656262,14.020519281921054,3176.49353655963,215.32832974168443,2961.165206817945,0,0,0,6,16.7
pure_mpc,13.722222222222221,2.2735663558079193,2.1659924807433986,13.513511800027372,3135.860073684487,185.86852024759284,2949.991553436894,1152,0,0,6,20.5
onoff,15.055555555555555,2.3368947403656217,2.185734650056632,13.416666666666666,3230.7311927912674,278.78849802351834,2951.9426947677493,0,0,0,6,25.4
