controller,comfort_violation_hours,rmse,mae,energy_proxy,degree_minutes_outside_band,underheating_degree_minutes,overheating_degree_minutes,solver_optimal_steps,solver_optimal_inaccurate_steps,solver_fallbacks,n_scenarios,overall_vs_best_pct
hybrid_mpc,8.875,2.084282254333021,1.910967523414745,19.80477478984952,4515.184156295941,16.10182787809343,4499.082328417848,1152,0,0,6,0.4
pure_mpc,9.0,2.1503641129877673,1.995847117827288,19.656933450805454,4510.023218572072,18.5757694686858,4491.447449103386,1152,0,0,6,2.5
pid,15.583333333333334,2.200491900292195,1.9856542516450633,20.029572902316158,4613.608033916515,109.11147746721265,4504.496556449302,0,0,0,6,22.0
onoff,26.416666666666668,2.4098783975585802,2.1785232858310333,19.458333333333332,4936.193010902492,426.36439936957214,4509.82861153292,0,0,0,6,56.8
