controller,comfort_violation_hours,rmse,mae,energy_proxy,degree_minutes_outside_band,underheating_degree_minutes,overheating_degree_minutes,solver_optimal_steps,solver_optimal_inaccurate_steps,solver_fallbacks,n_scenarios,overall_vs_best_pct
hybrid_mpc,31.944444444444443,3.9929214950826553,3.5860411771688896,33.20274022188817,11941.441761854308,2947.820737844411,8993.621024009897,1152,0,0,6,0.7
pure_mpc,47.44444444444445,4.1151451082658355,3.7503395048327692,32.262347356321015,12245.905081998144,3272.558628146134,8973.34645385201,1152,0,0,6,14.0
onoff,46.666666666666664,4.23376483509587,3.8420541536658988,32.388888888888886,12670.081914120645,3581.070222552849,9089.011691567795,0,0,0,6,14.9
pid,50.111111111111114,4.251992319319506,3.8884094938814724,33.05659677848311,12773.150196293556,3574.6738006765086,9198.476395617046,0,0,0,6,18.6
