controller,comfort_violation_hours,rmse,mae,energy_proxy,degree_minutes_outside_band,underheating_degree_minutes,overheating_degree_minutes,solver_optimal_steps,solver_optimal_inaccurate_steps,solver_fallbacks,n_scenarios,overall_vs_best_pct
hybrid_mpc,6.444444444444444,1.9482505972182975,1.8329307929526226,14.097462960791553,2777.050776816773,28.757621371521953,2748.293155445251,1152,0,0,6,0.5
pid,11.611111111111109,2.0860024552544303,1.9252583103734782,14.373736385832345,2862.965426040442,108.13025214876563,2754.835173891676,0,0,0,6,24.1
pure_mpc,14.638888888888888,2.0979287909869306,2.001139430505638,13.815786241275163,2823.8983905035207,79.78447261692774,2744.113917886593,1152,0,0,6,36.0
onoff,15.305555555555555,2.14984283519398,2.006958445528071,13.805555555555555,2907.415175891438,161.3074726634915,2746.107703227947,0,0,0,6,39.3
