controller,comfort_violation_hours,rmse,mae,energy_proxy,degree_minutes_outside_band,underheating_degree_minutes,overheating_degree_minutes,solver_optimal_steps,solver_optimal_inaccurate_steps,solver_fallbacks,n_scenarios,overall_vs_best_pct
hybrid_mpc,31.888888888888886,3.894771480495562,3.3668880505699224,34.768152291556795,11141.295329218125,2526.816766041134,8614.47856317699,1152,0,0,6,1.0
onoff,45.05555555555555,4.133138934980951,3.6308013479770493,33.44444444444444,11914.405759882187,3316.1022914272967,8598.30346845489,0,0,0,6,13.8
pure_mpc,47.388888888888886,4.006947692507995,3.5383650415035404,33.52073642770832,11452.794917421534,2906.7865379313776,8546.008379490157,1152,0,0,6,14.2
pid,45.77777777777778,4.0994541894090615,3.6008790462762086,34.25496212979534,11791.312088691819,3126.5264340491854,8664.785654642634,0,0,0,6,14.5
