controller,comfort_violation_hours,rmse,mae,energy_proxy,degree_minutes_outside_band,underheating_degree_minutes,overheating_degree_minutes,solver_optimal_steps,solver_optimal_inaccurate_steps,solver_fallbacks,n_scenarios,overall_vs_best_pct
hybrid_mpc,6.5,1.9565698128233857,1.836877162196683,14.034926935811384,2784.193881218098,30.394104141890967,2753.7997770762067,1152,0,0,6,0.6
pid,12.277777777777777,2.1012050334097157,1.9360044542770058,14.314897674324603,2876.3229863583833,115.35989136289463,2760.9630949954885,0,0,0,6,26.5
pure_mpc,14.472222222222223,2.1055507832993645,2.001903010146585,13.745892050780604,2833.7825890645713,83.69397734041088,2750.0886117241607,1152,0,0,6,34.9
onoff,15.138888888888888,2.162711213044829,2.0176861576473644,13.722222222222221,2923.5326806710405,171.25581420645847,2752.2768664645823,0,0,0,6,38.3
