controller,comfort_violation_hours,rmse,mae,energy_proxy,degree_minutes_outside_band,underheating_degree_minutes,overheating_degree_minutes,solver_optimal_steps,solver_optimal_inaccurate_steps,solver_fallbacks,n_scenarios,overall_vs_best_pct
hybrid_mpc,31.777777777777782,4.39879276234101,3.9045737080081246,35.81401318201194,13104.142523685407,3697.604258612106,9406.5382650733,1152,0,0,6,0.9
pid,44.0,4.6177535846228395,4.127846785022361,35.37161483539591,13764.474340140281,4266.752459625069,9497.721880515213,0,0,0,6,12.9
onoff,46.72222222222222,4.658470282782157,4.15965828692563,34.611111111111114,13840.52978675311,4407.3685678804,9433.161218872707,0,0,0,6,14.9
pure_mpc,49.888888888888886,4.522944284950666,4.070803341689856,34.58941607354128,13418.727481692093,4088.2007869958925,9330.5266946962,1152,0,0,6,16.0
