controller,comfort_violation_hours,rmse,mae,energy_proxy,degree_minutes_outside_band,underheating_degree_minutes,overheating_degree_minutes,solver_optimal_steps,solver_optimal_inaccurate_steps,solver_fallbacks,n_scenarios,overall_vs_best_pct
hybrid_mpc,31.277777777777775,4.3861443684150085,3.8999801667455025,35.743287511698576,13085.731944745718,3710.9437689663464,9374.788175779371,1152,0,0,6,0.8
pid,44.0,4.608557840808363,4.123465786215502,35.42645188328859,13751.579633903224,4266.896187285995,9484.683446617228,0,0,0,6,13.4
onoff,47.05555555555555,4.631144242621992,4.142750590394763,34.72222222222222,13780.685802831316,4361.815642414924,9418.870160416393,0,0,0,6,15.6
pure_mpc,49.611111111111114,4.5131466030907035,4.066236966316123,34.63734239147252,13407.379873590566,4087.9292788889775,9319.450594701588,1152,0,0,6,16.4
