controller,comfort_violation_hours,rmse,mae,energy_proxy,degree_minutes_outside_band,underheating_degree_minutes,overheating_degree_minutes,solver_optimal_steps,solver_optimal_inaccurate_steps,solver_fallbacks,n_scenarios,overall_vs_best_pct
hybrid_mpc,8.833333333333334,2.102459731429288,1.9334789661362597,19.649640968273477,4557.895470038599,16.18108135693036,4541.714388681669,1152,0,0,6,0.4
pure_mpc,9.041666666666666,2.160720986176349,2.0073184956609222,19.536795405001563,4553.018721327205,18.276454880717925,4534.7422664464875,1152,0,0,6,2.5
pid,16.041666666666668,2.215310124395647,2.002190807707461,19.895434446829686,4658.183418762695,110.66427639866434,4547.519142364031,0,0,0,6,23.4
onoff,26.291666666666668,2.4256192143831066,2.197311165134874,19.333333333333332,4986.9712881236965,436.24376094844934,4550.727527175247,0,0,0,6,56.7
