controller,comfort_violation_hours,rmse,mae,energy_proxy,degree_minutes_outside_band,underheating_degree_minutes,overheating_degree_minutes,solver_optimal_steps,solver_optimal_inaccurate_steps,solver_fallbacks,n_scenarios,overall_vs_best_pct
hybrid_mpc,30.666666666666668,4.419384240806441,3.903006258180707,35.53463675507643,13125.364594134515,3747.2848171549217,9378.079776979592,1152,0,0,6,0.7
pid,44.0,4.6177535846228395,4.127846785022361,35.37161483539591,13764.474340140281,4266.752459625069,9497.721880515213,0,0,0,6,14.0
onoff,46.72222222222222,4.658470282782157,4.15965828692563,34.611111111111114,13840.52978675311,4407.3685678804,9433.161218872707,0,0,0,6,16.1
pure_mpc,49.888888888888886,4.532768618630597,4.072124031061746,34.64846834125163,13423.533083666853,4065.0791652509356,9358.453918415917,1152,0,0,6,17.4
