controller,comfort_violation_hours,rmse,mae,energy_proxy,degree_minutes_outside_band,underheating_degree_minutes,overheating_degree_minutes,solver_optimal_steps,solver_optimal_inaccurate_steps,solver_fallbacks,n_scenarios,overall_vs_best_pct
hybrid_mpc,30.944444444444446,4.414986013411396,3.895299989126529,35.513174640761285,13111.666709522016,3708.941148517511,9402.725561004505,1152,0,0,6,0.8
pid,44.111111111111114,4.622454207896529,4.131094277660294,35.26956215015576,13774.671547638507,4251.002458099718,9523.66908953879,0,0,0,6,13.9
onoff,46.0,4.644569942647385,4.140649437067837,34.44444444444444,13793.823148690566,4379.430296506553,9414.392852184015,0,0,0,6,15.0
pure_mpc,49.611111111111114,4.533323219821914,4.068841185964282,34.564665824903976,13420.672103955183,4035.5417611865464,9385.130342768638,1152,0,0,6,17.0
