controller,comfort_violation_hours,rmse,mae,energy_proxy,degree_minutes_outside_band,underheating_degree_minutes,overheating_degree_minutes,solver_optimal_steps,solver_optimal_inaccurate_steps,solver_fallbacks,n_scenarios,overall_vs_best_pct
hybrid_mpc,7.861111111111111,2.1647346099695417,2.034453023565409,13.579555627055905,3128.852636834052,121.92689892941382,3006.925737904638,1152,0,0,6,0.7
pid,12.305555555555555,2.2826642626376876,2.113236951533296,13.772402024632859,3220.286932687184,209.78403551349777,3010.5028971736865,0,0,0,6,17.5
pure_mpc,13.222222222222221,2.288872366759773,2.17879245537226,13.272060697570614,3171.5073042813565,167.31021050356023,3004.1970937777955,1152,0,0,6,20.4
onoff,14.694444444444443,2.3512466065993207,2.199711742770025,13.222222222222221,3266.819245422066,260.3793201408692,3006.439925281197,0,0,0,6,25.9
