controller,comfort_violation_hours,rmse,mae,energy_proxy,degree_minutes_outside_band,underheating_degree_minutes,overheating_degree_minutes,solver_optimal_steps,solver_optimal_inaccurate_steps,solver_fallbacks,n_scenarios,overall_vs_best_pct
hybrid_mpc,31.5,4.205299788980155,3.7765152215477404,35.202115626094546,12664.485183278763,3374.7730386283524,9289.712144650412,1152,0,0,6,0.8
pid,43.888888888888886,4.4016081359348656,3.991336036648496,34.780096841460924,13274.15918179432,3926.6295494990754,9347.529632295245,0,0,0,6,12.9
pure_mpc,47.166666666666664,4.321184491164834,3.945180168496695,34.130465862369405,12977.207690667638,3725.477720546983,9251.729970120656,1152,0,0,6,14.2
onoff,45.888888888888886,4.412026864785806,4.0079041669490065,34.22222222222222,13307.060637560722,3994.1528409842813,9312.907796576439,0,0,0,6,14.2
