controller,comfort_violation_hours,rmse,mae,energy_proxy,degree_minutes_outside_band,underheating_degree_minutes,overheating_degree_minutes,solver_optimal_steps,solver_optimal_inaccurate_steps,solver_fallbacks,n_scenarios,overall_vs_best_pct
hybrid_mpc,6.416666666666667,1.9486710935683227,1.8370398573502984,14.024537528765604,2782.145429905399,28.04921683563113,2754.096213069768,1152,0,0,6,0.6
pid,12.166666666666666,2.0829637242186787,1.930745794022048,14.273972789844438,2862.0090078374683,103.42132059279523,2758.587687244673,0,0,0,6,26.4
pure_mpc,14.305555555555557,2.096504106882799,2.001334743776672,13.72891263765115,2827.691533640212,77.35072623412283,2750.3408074060894,1152,0,0,6,34.9
onoff,15.305555555555557,2.1558856623031692,2.013580533762746,13.722222222222221,2918.09826123174,164.1394659698685,2753.958795261871,0,0,0,6,39.7
