controller,comfort_violation_hours,rmse,mae,energy_proxy,degree_minutes_outside_band,underheating_degree_minutes,overheating_degree_minutes,solver_optimal_steps,solver_optimal_inaccurate_steps,solver_fallbacks,n_scenarios,overall_vs_best_pct
hybrid_mpc,8.194444444444445,2.1755379627506244,2.0423859046109984,13.635247801790152,3125.6566923604855,147.18607446048932,2978.4706178999963,1152,0,0,6,0.7
pid,12.694444444444445,2.291389863825802,2.1204174211417013,13.87166144112854,3216.1529221066417,231.63537531645986,2984.517546790182,0,0,0,6,17.1
pure_mpc,13.833333333333334,2.2974974934213805,2.1855382348769603,13.36062706831188,3170.180086564476,194.76805201247433,2975.412034552001,1152,0,0,6,20.5
onoff,14.972222222222223,2.350122344967962,2.1999561213315526,13.277777777777779,3265.10892708442,287.17775434954723,2977.9311727348727,0,0,0,6,24.6
