controller,comfort_violation_hours,rmse,mae,energy_proxy,degree_minutes_outside_band,underheating_degree_minutes,overheating_degree_minutes,solver_optimal_steps,solver_optimal_inaccurate_steps,solver_fallbacks,n_scenarios,overall_vs_best_pct
hybrid_mpc,8.625,2.008216487410716,1.816215764842471,18.23563537351318,4217.479000609915,18.155605488955064,4199.3233951209595,1152,0,0,6,0.3
pure_mpc,8.916666666666666,2.0554693253281386,1.8754778347450836,18.14384786953337,4211.991759387744,20.239754077807532,4191.752005309937,1152,0,0,6,2.4
pid,16.416666666666668,2.1121889049008713,1.8853263662983817,18.455236940335347,4299.16797746827,101.28912172421154,4197.8788557440585,0,0,0,6,25.5
onoff,25.75,2.3061973956372825,2.0552456792259157,18.0,4595.546024364395,377.2656940956627,4218.2803302687325,0,0,0,6,56.6
