controller,comfort_violation_hours,rmse,mae,energy_proxy,degree_minutes_outside_band,underheating_degree_minutes,overheating_degree_minutes,solver_optimal_steps,solver_optimal_inaccurate_steps,solver_fallbacks,n_scenarios,overall_vs_best_pct
hybrid_mpc,8.666666666666666,2.0049723989785035,1.8122666317746676,18.217081088638917,4234.682389968378,18.632605079646734,4216.049784888731,1152,0,0,6,0.4
pure_mpc,8.958333333333334,2.062589842338151,1.886451055619707,18.098793778347154,4229.565017664388,20.222432410777273,4209.34258525361,1152,0,0,6,2.8
pid,15.958333333333334,2.1166654477715765,1.8936120950188593,18.389640349306468,4315.555758339343,99.85960121072166,4215.696157128621,0,0,0,6,24.1
onoff,25.875,2.3012473465394656,2.0541381930520863,17.958333333333332,4601.571505037932,366.27748907195814,4235.294015965974,0,0,0,6,56.7
