controller,comfort_violation_hours,rmse,mae,energy_proxy,degree_minutes_outside_band,underheating_degree_minutes,overheating_degree_minutes,solver_optimal_steps,solver_optimal_inaccurate_steps,solver_fallbacks,n_scenarios,overall_vs_best_pct
hybrid_mpc,8.138888888888888,2.028219433962142,1.8956867952684808,15.472405864438562,2866.72023858464,119.57372377276188,2747.1465148118787,1152,0,0,6,0.6
pid,12.0,2.1563547289112637,1.9847828199061792,15.70177276531149,2968.2466211019687,218.71583589004888,2749.53078521192,0,0,0,6,15.6
pure_mpc,15.194444444444443,2.1765816449716264,2.073240343814565,15.141435958896837,2933.4939950453386,190.15105047516877,2743.3429445701695,1152,0,0,6,25.9
onoff,16.38888888888889,2.2284960130678293,2.081226594335924,15.111111111111109,3013.011852374491,266.7868833390392,2746.2249690354515,0,0,0,6,30.3
