controller,comfort_violation_hours,rmse,mae,energy_proxy,degree_minutes_outside_band,underheating_degree_minutes,overheating_degree_minutes,solver_optimal_steps,solver_optimal_inaccurate_steps,solver_fallbacks,n_scenarios,overall_vs_best_pct
hybrid_mpc,30.833333333333332,3.8970467828802255,3.368649235874315,34.6490181296409,11139.051509824807,2563.777014741802,8575.274495083004,1152,0,0,6,0.9
onoff,44.94444444444445,4.131392691271544,3.6155467923637743,33.5,11863.143926426566,3287.330431181019,8575.813495245548,0,0,0,6,14.8
pure_mpc,47.666666666666664,4.003611861336945,3.5375158189895046,33.55343639143797,11452.012255152202,2919.332297498784,8532.67995765342,1152,0,0,6,15.6
pid,45.833333333333336,4.095840011025058,3.5998993745429857,34.29236321471928,11785.42907859208,3134.8819029537935,8650.547175638285,0,0,0,6,15.7
