controller,comfort_violation_hours,rmse,mae,energy_proxy,degree_minutes_outside_band,underheating_degree_minutes,overheating_degree_minutes,solver_optimal_steps,solver_optimal_inaccurate_steps,solver_fallbacks,n_scenarios,overall_vs_best_pct
hybrid_mpc,31.277777777777775,4.21923039236975,3.779747817775584,35.00995248393,12686.813116115029,3404.3233108978434,9282.489805217183,1152,0,0,6,0.7
pid,44.05555555555555,4.401322730668346,3.9925126509061664,34.70427826389349,13274.670717772759,3928.5463330969355,9346.124384675823,0,0,0,6,13.2
onoff,44.888888888888886,4.401157188087537,3.994788223567672,34.166666666666664,13259.939752836435,3967.780587206491,9292.159165629944,0,0,0,6,13.4
pure_mpc,46.77777777777778,4.322686068105852,3.9455710207877512,34.089560270750276,12976.15015632341,3716.044136977403,9260.106019346009,1152,0,0,6,14.1
