controller,comfort_violation_hours,rmse,mae,energy_proxy,degree_minutes_outside_band,underheating_degree_minutes,overheating_degree_minutes,solver_optimal_steps,solver_optimal_inaccurate_steps,solver_fallbacks,n_scenarios,overall_vs_best_pct
hybrid_mpc,7.444444444444444,1.8383088610786178,1.699565117780117,15.585953441937738,2517.4724211733724,39.456953978235724,2478.015467195137,1152,0,0,6,0.6
pid,12.555555555555555,1.9862623774208477,1.7979027487425094,15.835825018161543,2624.258804738338,140.88348438280954,2483.3753203555284,0,0,0,6,21.7
pure_mpc,15.305555555555555,2.0052271805714788,1.881781259970155,15.286331462888711,2591.862161593084,116.78719745360627,2475.0749641394773,1152,0,0,6,31.5
onoff,17.02777777777778,2.0804546874371748,1.9081287830111393,15.194444444444445,2696.670593795089,218.2841616295741,2478.386432165515,0,0,0,6,38.5
