controller,comfort_violation_hours,rmse,mae,energy_proxy,degree_minutes_outside_band,underheating_degree_minutes,overheating_degree_minutes,solver_optimal_steps,solver_optimal_inaccurate_steps,solver_fallbacks,n_scenarios,overall_vs_best_pct
hybrid_mpc,8.791666666666666,2.1024784721985936,1.9650104383021316,20.1171387799712,4615.840969142848,14.972191196024598,4600.868777946823,1152,0,0,6,0.4
pure_mpc,9.541666666666666,2.1569175616592537,2.031940575579537,19.9428373217757,4612.477265141114,19.51063163142864,4592.966633509685,1152,0,0,6,3.8
pid,15.416666666666666,2.1969151412219974,2.0178938097769845,20.342978708205834,4705.31530374834,107.07453490542711,4598.240768842913,0,0,0,6,21.3
onoff,26.333333333333332,2.416826075496074,2.216333851148771,19.791666666666668,5037.048843052738,426.95575503639924,4610.09308801634,0,0,0,6,56.8
