controller,comfort_violation_hours,rmse,mae,energy_proxy,degree_minutes_outside_band,underheating_degree_minutes,overheating_degree_minutes,solver_optimal_steps,solver_optimal_inaccurate_steps,solver_fallbacks,n_scenarios,overall_vs_best_pct
hybrid_mpc,31.777777777777775,4.023918432430146,3.602632166379687,32.996013046909404,12005.927987067611,2979.356897588965,9026.571089478648,1152,0,0,6,0.6
pure_mpc,47.333333333333336,4.1263638056606915,3.7565376014997454,32.17070616148472,12271.27312973091,3266.7824131237235,9004.490716607186,1152,0,0,6,13.9
onoff,46.77777777777778,4.239311335566212,3.841316859692085,32.333333333333336,12669.122523665908,3546.17177916849,9122.950744497417,0,0,0,6,14.9
pid,50.22222222222222,4.266060699136922,3.8955047622358623,32.967287034284105,12801.049011784598,3568.029666287732,9233.019345496867,0,0,0,6,18.7
