{
  "split_strategy": "time_ordered",
  "train_samples": 4590,
  "val_samples": 1148,
  "seq_len": 12,
  "horizon": 12,
  "horizon_steps": 12,
  "hidden_size": 24,
  "epochs": 20,
  "feature_columns": [
    "y",
    "u",
    "T_out",
    "solar",
    "occupancy",
    "setpoint",
    "residual"
  ],
  "feat_mean": [
    21.40683496085604,
    0.48655737296419144,
    4.943226919932275,
    67.86058378315,
    1.138562091503268,
    21.818001089324618,
    -0.05584180144969177
  ],
  "feat_std": [
    6.258451104340683,
    0.319086523892159,
    6.565506255313592,
    91.77304775347723,
    1.4977863968988898,
    0.7523601441403601,
    0.0923729619157625
  ],
  "target_mean": -0.055628276350183775,
  "target_std": 0.0923124945265345,
  "room_id": "large_office",
  "sampling_minutes": 15,
  "seed": 40,
  "config_hash": "fed42ac55458a9895b2ca47c8bf4e0b7f40818e2c80fc079818159cf5821b427",
  "lstm_signature_hash": "1374b0e78067f5563d68fdaa147150a26961abceb61856c09dc34911c035a99d",
  "training_signature": {
    "room_id": "large_office",
    "sampling_minutes": 15,
    "horizon_steps": 12,
    "feature_columns": [
      "y",
      "u",
      "T_out",
      "solar",
      "occupancy",
      "setpoint",
      "residual"
    ],
    "seq_len": 12,
    "hidden_size": 24,
    "epochs": 20,
    "seed": 40,
    "config_hash": "fed42ac55458a9895b2ca47c8bf4e0b7f40818e2c80fc079818159cf5821b427"
  }
}