controller,comfort_violation_hours,rmse,mae,energy_proxy,degree_minutes_outside_band,underheating_degree_minutes,overheating_degree_minutes,solver_optimal_steps,solver_optimal_inaccurate_steps,solver_fallbacks,n_scenarios,overall_vs_best_pct
hybrid_mpc,8.875,2.101067763731957,1.9631216778704383,20.054417107183042,4632.874698593563,15.599708976698006,4617.274989616865,1152,0,0,6,0.3
pure_mpc,9.458333333333334,2.159238059567389,2.0339262883294693,19.879588529215088,4630.030438760328,19.33132210291151,4610.699116657416,1152,0,0,6,3.3
pid,15.208333333333334,2.2013486488017957,2.0252201334812043,20.27926066709278,4722.612845555585,106.28688805769895,4616.3259574978865,0,0,0,6,20.4
onoff,26.625,2.416278720339145,2.2200621252772,19.791666666666668,5037.978274579066,406.8114251191267,4631.16684945994,0,0,0,6,57.0
