controller,comfort_violation_hours,rmse,mae,energy_proxy,degree_minutes_outside_band,underheating_degree_minutes,overheating_degree_minutes,solver_optimal_steps,solver_optimal_inaccurate_steps,solver_fallbacks,n_scenarios,overall_vs_best_pct
hybrid_mpc,7.611111111111111,1.8550126288745143,1.714452808124979,15.51074493644869,2526.7325455276173,43.07118352849307,2483.6613619991244,1152,0,0,6,0.5
pid,12.833333333333334,2.007179039791912,1.81547948154849,15.767016550284865,2645.754076730702,155.68890776835343,2490.0651689623487,0,0,0,6,21.6
pure_mpc,15.027777777777779,2.0099660350564545,1.8826162414725829,15.225270283128859,2597.075220494702,115.69253118148036,2481.382689313222,1152,0,0,6,29.0
onoff,16.666666666666668,2.0767288497802063,1.9046001839310447,15.194444444444445,2691.3295091048662,208.43002012529908,2482.899488979567,0,0,0,6,35.5
