controller,comfort_violation_hours,rmse,mae,energy_proxy,degree_minutes_outside_band,underheating_degree_minutes,overheating_degree_minutes,solver_optimal_steps,solver_optimal_inaccurate_steps,solver_fallbacks,n_scenarios,overall_vs_best_pct
hybrid_mpc,8.083333333333334,2.028566802960376,1.899661266907657,15.356239032455788,2874.3839656498744,121.42290434764367,2752.9610613022305,1152,0,0,6,0.6
pid,12.0,2.1509316871240176,1.9851458098318087,15.614205225978466,2965.626186628866,211.72733953173716,2753.8988470971285,0,0,0,6,15.8
pure_mpc,14.666666666666666,2.1750140233342914,2.07086614947744,15.057389782293221,2935.1521771578996,185.56651467734514,2749.5856624805547,1152,0,0,6,24.5
onoff,16.805555555555557,2.231682704365645,2.0844290490851756,15.0,3018.0948443716024,266.67021264937233,2751.42463172223,0,0,0,6,31.9
