controller,comfort_violation_hours,rmse,mae,energy_proxy,degree_minutes_outside_band,underheating_degree_minutes,overheating_degree_minutes,solver_optimal_steps,solver_optimal_inaccurate_steps,solver_fallbacks,n_scenarios,overall_vs_best_pct
hybrid_mpc,9.041666666666666,2.5545815947091035,2.3724255313635876,19.09410320732026,5743.667366132796,19.889180361209295,5723.778185771586,1152,0,0,6,0.5
pure_mpc,9.791666666666666,2.60649744795182,2.4339549544123655,18.959969132199884,5746.602131039428,31.837235630429905,5714.764895408997,1152,0,0,6,3.5
pid,16.541666666666668,2.675876075400035,2.44584499934095,19.231535746318176,5861.014610461399,137.8463342398516,5723.168276221546,0,0,0,6,23.3
onoff,26.208333333333332,2.8795446405708973,2.6318786569413866,18.75,6188.077885381289,452.1517400735103,5735.926145307779,0,0,0,6,53.4
