controller,comfort_violation_hours,rmse,mae,energy_proxy,degree_minutes_outside_band,underheating_degree_minutes,overheating_degree_minutes,solver_optimal_steps,solver_optimal_inaccurate_steps,solver_fallbacks,n_scenarios,overall_vs_best_pct
hybrid_mpc,9.25,2.5602003353699168,2.3783109961506135,19.024630471584892,5778.389414834077,19.027835043620644,5759.361579790456,1152,0,0,6,0.4
pure_mpc,10.0,2.617724278424058,2.445651300663334,18.889197171315892,5783.755675246791,33.2929166246911,5750.4627586220995,1152,0,0,6,3.5
pid,17.375,2.690435934770805,2.459872285398289,19.13310900375878,5903.597702338188,143.40499791470853,5760.19270442348,0,0,0,6,24.7
onoff,26.416666666666668,2.8882664280622805,2.6444912567875374,18.708333333333332,6214.590916703123,432.3589187656117,5782.231997937511,0,0,0,6,52.4
