controller,comfort_violation_hours,rmse,mae,energy_proxy,degree_minutes_outside_band,underheating_degree_minutes,overheating_degree_minutes,solver_optimal_steps,solver_optimal_inaccurate_steps,solver_fallbacks,n_scenarios,overall_vs_best_pct
hybrid_mpc,8.027777777777777,2.043742839189378,1.9071399036307115,15.337041362603278,2894.2619551287967,122.27688644264909,2771.9850686861478,1152,0,0,6,0.6
pid,12.027777777777777,2.1787578500925444,2.002705140864471,15.564946783757819,3000.869870657356,227.3625432503494,2773.507327407007,0,0,0,6,16.4
pure_mpc,15.027777777777777,2.1958564597200265,2.0845166131476023,14.991638862907065,2965.7900187584223,197.0966728586576,2768.693345899765,1152,0,0,6,26.0
onoff,16.36111111111111,2.2436249402972677,2.092827365481666,14.972222222222221,3040.08806753857,270.2448579168948,2769.843209621675,0,0,0,6,30.8
