controller,comfort_violation_hours,rmse,mae,energy_proxy,degree_minutes_outside_band,underheating_degree_minutes,overheating_degree_minutes,solver_optimal_steps,solver_optimal_inaccurate_steps,solver_fallbacks,n_scenarios,overall_vs_best_pct
hybrid_mpc,31.5,3.8826757969546866,3.367154974927699,34.76032933805515,11116.875377950935,2532.9883102439267,8583.887067707008,1152,0,0,6,0.9
onoff,45.666666666666664,4.121636091991178,3.62430175807485,33.55555555555556,11873.56462652178,3290.0909684230937,8583.473658098686,0,0,0,6,14.7
pid,45.611111111111114,4.087404669395244,3.5962371438869085,34.30987619960017,11772.229804350727,3133.647180781741,8638.582623568986,0,0,0,6,14.8
pure_mpc,47.77777777777778,3.997084225249354,3.53599778821102,33.574297198964175,11443.749486594068,2919.4750958749087,8524.27439071916,1152,0,0,6,14.9
