controller,comfort_violation_hours,rmse,mae,energy_proxy,degree_minutes_outside_band,underheating_degree_minutes,overheating_degree_minutes,solver_optimal_steps,solver_optimal_inaccurate_steps,solver_fallbacks,n_scenarios,overall_vs_best_pct
hybrid_mpc,7.916666666666667,2.1671537396284464,2.040044446990523,13.521087000818937,3129.193308042353,122.09957273202468,3007.0937353103277,1152,0,0,6,0.6
pid,12.305555555555555,2.2826642626376876,2.113236951533296,13.772402024632859,3220.286932687184,209.78403551349777,3010.5028971736865,0,0,0,6,17.1
pure_mpc,13.222222222222221,2.2921452850005775,2.1858430852726163,13.262063446732304,3171.541353772345,167.31503501778937,3004.2263187545555,1152,0,0,6,20.1
onoff,14.694444444444443,2.3512466065993207,2.199711742770025,13.222222222222221,3266.819245422066,260.3793201408692,3006.439925281197,0,0,0,6,25.5
