controller,comfort_violation_hours,rmse,mae,energy_proxy,degree_minutes_outside_band,underheating_degree_minutes,overheating_degree_minutes,solver_optimal_steps,solver_optimal_inaccurate_steps,solver_fallbacks,n_scenarios,overall_vs_best_pct
hybrid_mpc,7.5555555555555545,1.8593909264401474,1.717665303728389,15.424150664976699,2544.861098542624,41.913588978142165,2502.947509564482,1152,0,0,6,0.6
pid,12.916666666666666,2.011671473652802,1.820370341166278,15.68490754971947,2660.879313711361,152.23700480341887,2508.642308907942,0,0,0,6,22.3
pure_mpc,15.083333333333334,2.0243350490023655,1.896924622254246,15.130020535008706,2619.8764151581286,119.54844503809885,2500.32797012003,1152,0,0,6,29.9
onoff,16.416666666666668,2.099183496594984,1.9235425189725464,15.055555555555555,2734.1617124347126,232.62829421073965,2501.5334182239726,0,0,0,6,35.5
