controller,comfort_violation_hours,rmse,mae,energy_proxy,degree_minutes_outside_band,underheating_degree_minutes,overheating_degree_minutes,solver_optimal_steps,solver_optimal_inaccurate_steps,solver_fallbacks,n_scenarios,overall_vs_best_pct
hybrid_mpc,8.055555555555555,2.034388872594834,1.9011990163649084,15.396475979071896,2872.4342994084823,119.85358543520833,2752.5807139732738,1152,0,0,6,0.6
pid,12.25,2.174194032319101,1.9964983705610984,15.639298542481173,2989.495040007853,234.30088779599396,2755.1941522118595,0,0,0,6,17.0
pure_mpc,15.222222222222223,2.1867711671389025,2.076476643838147,15.069187285216112,2948.4251969126344,199.16068681366713,2749.264510098968,1152,0,0,6,26.5
onoff,16.47222222222222,2.2508248375057867,2.0976424492000914,15.027777777777777,3043.623300783027,292.27431177924683,2751.3489890037804,0,0,0,6,31.4
